-- phpMyAdmin SQL Dump
-- version 3.4.10.1
-- http://www.phpmyadmin.net
--
-- Host: localhost
-- Generation Time: Mar 23, 2015 at 01:31 AM
-- Server version: 5.5.20
-- PHP Version: 5.3.10

SET SQL_MODE="NO_AUTO_VALUE_ON_ZERO";
SET time_zone = "+00:00";


/*!40101 SET @OLD_CHARACTER_SET_CLIENT=@@CHARACTER_SET_CLIENT */;
/*!40101 SET @OLD_CHARACTER_SET_RESULTS=@@CHARACTER_SET_RESULTS */;
/*!40101 SET @OLD_COLLATION_CONNECTION=@@COLLATION_CONNECTION */;
/*!40101 SET NAMES utf8 */;

--
-- Database: `mca_results`
--

-- --------------------------------------------------------

--
-- Table structure for table `college`
--

CREATE TABLE IF NOT EXISTS `college` (
  `cid` int(11) NOT NULL AUTO_INCREMENT,
  `cname` varchar(150) NOT NULL,
  PRIMARY KEY (`cid`)
) ENGINE=InnoDB  DEFAULT CHARSET=latin1 AUTO_INCREMENT=28 ;

--
-- Dumping data for table `college`
--

INSERT INTO `college` (`cid`, `cname`) VALUES
(1, 'AMAL JYOTHI ENGINEERING  COLLEGE KOOVAPPALLY KANJIRAPALLY'),
(2, 'FEDERAL INSTITUTE OF SCIENCE AND TECHNOLOGY MOOKANNUR ANGAMA'),
(3, 'ILAHIA COLLEGE OF  ENGINEERING AND  TECHNOLOGY MULAVOOR MOOV'),
(4, 'KRISTU JYOTHI COLLEGE OF MANAGEMENT AND TECHNOLOGY CHETHIPUZ'),
(5, 'M E S - AIMAT MARAMPALLY'),
(6, 'MAR ATHANASIOUS COLLEGE FOR ADVANCED STUDIES THIRUVALLA'),
(7, 'MAR ATHANASIUS ENGINEERING COLLEGE KOTHAMANGALAM'),
(8, 'MARIAN COLLEGE KUTTIKANAM  PEERMADE'),
(9, 'MOUNT ZION COLLEGE OF ENGINEERING KADAMMANITTA'),
(10, 'RAJAGIRI COLLEGE OF SOCIAL SCIENCES  KALAMASSERY'),
(11, 'RAJIV GANDHI INSTITUTE OF TECHNOLOGY VELLOOR'),
(12, 'SCMS SCHOOL OF ENGG    TECHNOLOGY KARUKUTTY'),
(13, 'SREE NARAYANA GURUKULAM COLLEGE OF ENGINEERING KOLENCHERRY'),
(14, 'ST JOSEPHS  COLLEGE OF ENGINEERING AND TECHNOLOGY CHOONDACHE'),
(15, 'U C COLLEGE ALUVA'),
(16, 'CHRIST KNOWLEDGE CITY MUVATTUPUZHA'),
(17, 'DE PAUL INSTITUTE OF SCIENCE TECHNOLOGY ANGAMALY'),
(18, 'K M M COLLEGE OF ARTS   SCIENCE- TRIKKAKARA COCHIN'),
(19, 'MUSALIAR COLLEGE OF ENGINEERING AND TECHNOLOGY KUMBAZHA PATH'),
(20, 'NIRMALA COLLEGE  MUVATTUPUZHA'),
(21, 'S C M S SCHOOL OF TECHNOLOGY AND MANAGEMENT  MUTTOM  ALUVA'),
(22, 'SAINTGITS COLLEGE OF ENGINEERING PATHAMUTTOM KTM'),
(23, 'SANTHIGIRI COLLEGE OF COMPUTER SCIENCES VAZHITHALA'),
(24, 'SREE NARAYANA GURU INSTITUTE OF SCIENCE AND TECHNOLOGY NORTH'),
(25, 'UNIVERSITY COLLEGE OF APPLIED SCIENCES KOTTAYAM'),
(26, 'UNIVERSITY COLLEGE OF APPLIED SCIENCES  ERNAKULAM'),
(27, 'UNIVERSITY COLLEGE OF APPLIED SCIENCES  PATHANAMTHITTA');

-- --------------------------------------------------------

--
-- Table structure for table `student`
--

CREATE TABLE IF NOT EXISTS `student` (
  `regno` int(10) NOT NULL,
  `name` varchar(80) NOT NULL,
  `course` varchar(80) NOT NULL,
  `college` varchar(80) NOT NULL,
  `mca101` int(2) NOT NULL,
  `mca102` int(2) NOT NULL,
  `mca103` int(2) NOT NULL,
  `mca104` int(2) NOT NULL,
  `mca105` int(2) NOT NULL,
  `mca106` int(2) NOT NULL,
  `mca107` int(2) NOT NULL,
  `mca108` int(2) NOT NULL,
  `total` int(3) NOT NULL,
  `pass` varchar(1) NOT NULL,
  `percent` float NOT NULL,
  PRIMARY KEY (`regno`)
) ENGINE=InnoDB DEFAULT CHARSET=latin1;

--
-- Dumping data for table `student`
--

INSERT INTO `student` (`regno`, `name`, `course`, `college`, `mca101`, `mca102`, `mca103`, `mca104`, `mca105`, `mca106`, `mca107`, `mca108`, `total`, `pass`, `percent`) VALUES
(500001, 'ABHIJEEVAN V R', 'MASTER OF COMPUTER APPLICATIONS', '1', 10, 10, 10, 10, 50, 75, 42, 37, 244, 'F', 34.86),
(500002, 'AJAY THOMAS', 'MASTER OF COMPUTER APPLICATIONS', '1', 84, 58, 50, 64, 50, 77, 41, 35, 459, 'P', 65.57),
(500003, 'AKHILA CHANDRAN', 'MASTER OF COMPUTER APPLICATIONS', '1', 68, 70, 62, 83, 56, 91, 39, 40, 509, 'P', 72.71),
(500005, 'ALEYAMMA JOHN', 'MASTER OF COMPUTER APPLICATIONS', '1', 68, 58, 69, 64, 50, 79, 37, 35, 460, 'P', 65.71),
(500006, 'ALPHONSE JOSE', 'MASTER OF COMPUTER APPLICATIONS', '1', 75, 66, 59, 65, 60, 77, 40, 41, 483, 'P', 69),
(500007, 'AMAL BIJU', 'MASTER OF COMPUTER APPLICATIONS', '1', 56, 50, 50, 56, 51, 82, 40, 37, 422, 'P', 60.29),
(500008, 'ANJU A NAIR', 'MASTER OF COMPUTER APPLICATIONS', '1', 88, 69, 61, 71, 61, 82, 40, 40, 512, 'P', 73.14),
(500009, 'ANOOP GEORGE MUTTATH', 'MASTER OF COMPUTER APPLICATIONS', '1', 50, 75, 64, 64, 50, 90, 47, 39, 479, 'P', 68.43),
(500010, 'ANU MATHEW', 'MASTER OF COMPUTER APPLICATIONS', '1', 57, 50, 60, 53, 50, 70, 36, 37, 413, 'P', 59),
(500011, 'ANU ROSE TOM', 'MASTER OF COMPUTER APPLICATIONS', '1', 72, 53, 46, 50, 50, 68, 40, 35, 414, 'F', 59.14),
(500012, 'ANUPAMA BALAKRISHNAN', 'MASTER OF COMPUTER APPLICATIONS', '1', 82, 82, 67, 75, 67, 72, 42, 42, 529, 'P', 75.57),
(500013, 'ARUN GOPINATH', 'MASTER OF COMPUTER APPLICATIONS', '1', 66, 69, 57, 61, 50, 85, 41, 34, 463, 'P', 66.14),
(500014, 'ARYA B NAIR', 'MASTER OF COMPUTER APPLICATIONS', '1', 94, 79, 65, 71, 66, 80, 42, 43, 540, 'P', 77.14),
(500015, 'ASWATHY C ANIL', 'MASTER OF COMPUTER APPLICATIONS', '1', 69, 66, 54, 64, 52, 76, 37, 33, 451, 'P', 64.43),
(500016, 'ASWATHY K R', 'MASTER OF COMPUTER APPLICATIONS', '1', 73, 64, 55, 61, 54, 61, 34, 38, 440, 'P', 62.86),
(500017, 'ASWATHY P R', 'MASTER OF COMPUTER APPLICATIONS', '1', 64, 72, 64, 57, 54, 87, 38, 40, 476, 'P', 68),
(500018, 'ASWATHY S', 'MASTER OF COMPUTER APPLICATIONS', '1', 80, 76, 55, 77, 58, 82, 40, 40, 508, 'P', 72.57),
(500019, 'ATHIRA VENUGOPAL', 'MASTER OF COMPUTER APPLICATIONS', '1', 69, 54, 60, 62, 50, 84, 41, 39, 459, 'P', 65.57),
(500020, 'BETSY SEBASTIAN', 'MASTER OF COMPUTER APPLICATIONS', '1', 65, 64, 65, 68, 51, 70, 39, 35, 457, 'P', 65.29),
(500021, 'BIBIN BALAN', 'MASTER OF COMPUTER APPLICATIONS', '1', 71, 65, 56, 58, 51, 79, 40, 35, 455, 'P', 65),
(500022, 'BIJO JOSEPH', 'MASTER OF COMPUTER APPLICATIONS', '1', 67, 67, 59, 57, 54, 76, 40, 36, 456, 'P', 65.14),
(500023, 'BINUMON JOSEPH', 'MASTER OF COMPUTER APPLICATIONS', '1', 71, 80, 63, 67, 59, 75, 43, 40, 498, 'P', 71.14),
(500024, 'CHRISTIE JOSE GEORGE', 'MASTER OF COMPUTER APPLICATIONS', '1', 61, 62, 55, 57, 50, 57, 39, 34, 415, 'P', 59.29),
(500025, 'DERIN JOSEPH', 'MASTER OF COMPUTER APPLICATIONS', '1', 77, 76, 55, 58, 50, 71, 39, 39, 465, 'P', 66.43),
(500026, 'DONA THOMAS', 'MASTER OF COMPUTER APPLICATIONS', '1', 53, 64, 62, 74, 52, 66, 41, 37, 449, 'P', 64.14),
(500027, 'GIJO P ABRAHAM', 'MASTER OF COMPUTER APPLICATIONS', '1', 64, 65, 57, 67, 53, 79, 42, 34, 461, 'P', 65.86),
(500028, 'GOUTHAM VENUGOPAL', 'MASTER OF COMPUTER APPLICATIONS', '1', 63, 69, 60, 71, 60, 74, 43, 39, 479, 'P', 68.43),
(500029, 'HARIKRISHNAN K R', 'MASTER OF COMPUTER APPLICATIONS', '1', 60, 71, 52, 51, 53, 64, 38, 32, 421, 'P', 60.14),
(500030, 'HARIKRISHNAN R', 'MASTER OF COMPUTER APPLICATIONS', '1', 69, 54, 56, 63, 50, 73, 39, 33, 437, 'P', 62.43),
(500031, 'IBY MARIA VARUGHESE', 'MASTER OF COMPUTER APPLICATIONS', '1', 81, 77, 68, 76, 67, 86, 40, 37, 532, 'P', 76),
(500032, 'JAYAN JACOB', 'MASTER OF COMPUTER APPLICATIONS', '1', 67, 50, 55, 64, 50, 56, 41, 38, 421, 'P', 60.14),
(500033, 'JESIN P THOMAS', 'MASTER OF COMPUTER APPLICATIONS', '1', 68, 72, 62, 60, 57, 75, 36, 35, 465, 'P', 66.43),
(500034, 'JINUMOL MATHEW', 'MASTER OF COMPUTER APPLICATIONS', '1', 35, 50, 55, 54, 50, 60, 35, 35, 374, 'F', 53.43),
(500035, 'JOFFIN JOSE', 'MASTER OF COMPUTER APPLICATIONS', '1', 78, 78, 65, 66, 59, 80, 41, 39, 506, 'P', 72.29),
(500036, 'JOSMY JOSEPH', 'MASTER OF COMPUTER APPLICATIONS', '1', 70, 79, 54, 64, 59, 80, 40, 37, 483, 'P', 69),
(500037, 'LEKSHMI G NAIR', 'MASTER OF COMPUTER APPLICATIONS', '1', 92, 76, 63, 75, 55, 81, 40, 41, 523, 'P', 74.71),
(500038, 'MARIA GEORGE', 'MASTER OF COMPUTER APPLICATIONS', '1', 71, 83, 63, 69, 57, 72, 43, 40, 498, 'P', 71.14),
(500039, 'MARIA MATHEWS', 'MASTER OF COMPUTER APPLICATIONS', '1', 59, 77, 68, 77, 66, 74, 36, 39, 496, 'P', 70.86),
(500040, 'MARIA THOMAS', 'MASTER OF COMPUTER APPLICATIONS', '1', 94, 84, 78, 75, 57, 62, 38, 42, 530, 'P', 75.71),
(500041, 'NANDANA P S', 'MASTER OF COMPUTER APPLICATIONS', '1', 72, 76, 66, 73, 53, 60, 40, 38, 478, 'P', 68.29),
(500042, 'PARVATHY G NAIR', 'MASTER OF COMPUTER APPLICATIONS', '1', 62, 74, 60, 63, 50, 67, 39, 39, 454, 'P', 64.86),
(500043, 'RAKHI PREMKUMAR', 'MASTER OF COMPUTER APPLICATIONS', '1', 75, 75, 61, 70, 56, 69, 38, 39, 483, 'P', 69),
(500044, 'RESHMA MOHAN', 'MASTER OF COMPUTER APPLICATIONS', '1', 83, 70, 57, 66, 50, 63, 32, 36, 457, 'P', 65.29),
(500045, 'REVATHY E S', 'MASTER OF COMPUTER APPLICATIONS', '1', 50, 50, 51, 50, 52, 64, 37, 33, 387, 'P', 55.29),
(500047, 'SHAMNA SHEREEF HAMEED', 'MASTER OF COMPUTER APPLICATIONS', '1', 67, 62, 52, 64, 51, 75, 37, 41, 449, 'P', 64.14),
(500048, 'SHIJO K JACOB', 'MASTER OF COMPUTER APPLICATIONS', '1', 69, 69, 55, 63, 53, 69, 33, 36, 447, 'P', 63.86),
(500049, 'SHINTU VARKEY', 'MASTER OF COMPUTER APPLICATIONS', '1', 89, 74, 61, 69, 54, 71, 37, 42, 497, 'P', 71),
(500050, 'SNEHA MARIA THOMAS', 'MASTER OF COMPUTER APPLICATIONS', '1', 50, 61, 52, 60, 50, 61, 34, 40, 408, 'P', 58.29),
(500051, 'SOJU T CHACKO', 'MASTER OF COMPUTER APPLICATIONS', '1', 94, 79, 61, 62, 60, 77, 41, 38, 512, 'P', 73.14),
(500052, 'SRUTHI G', 'MASTER OF COMPUTER APPLICATIONS', '1', 60, 76, 71, 67, 53, 65, 35, 37, 464, 'P', 66.29),
(500053, 'SUJITH A S', 'MASTER OF COMPUTER APPLICATIONS', '1', 63, 70, 57, 62, 50, 75, 40, 40, 457, 'P', 65.29),
(500054, 'TONY M R', 'MASTER OF COMPUTER APPLICATIONS', '1', 86, 81, 66, 74, 57, 81, 40, 39, 524, 'P', 74.86),
(500055, 'VISHNUPRIYA', 'MASTER OF COMPUTER APPLICATIONS', '1', 87, 72, 66, 71, 50, 73, 37, 37, 493, 'P', 70.43),
(500071, 'ABIN MATHEWS', 'MASTER OF COMPUTER APPLICATIONS', '2', 69, 68, 64, 56, 50, 56, 42, 38, 443, 'P', 63.29),
(500072, 'ABIN P J', 'MASTER OF COMPUTER APPLICATIONS', '2', 78, 50, 58, 50, 35, 72, 39, 39, 421, 'F', 60.14),
(500073, 'AFSIYA C M', 'MASTER OF COMPUTER APPLICATIONS', '2', 84, 76, 72, 68, 52, 61, 39, 39, 491, 'P', 70.14),
(500074, 'ALEX FRANCIS', 'MASTER OF COMPUTER APPLICATIONS', '2', 64, 55, 50, 50, 38, 67, 42, 39, 405, 'F', 57.86),
(500075, 'AMAL SHAJI', 'MASTER OF COMPUTER APPLICATIONS', '2', 55, 55, 60, 57, 41, 57, 40, 39, 404, 'F', 57.71),
(500076, 'ANITTA P SIBI', 'MASTER OF COMPUTER APPLICATIONS', '2', 76, 60, 69, 57, 50, 70, 41, 42, 465, 'P', 66.43),
(500077, 'ANJANA P K', 'MASTER OF COMPUTER APPLICATIONS', '2', 64, 76, 74, 59, 65, 59, 37, 43, 477, 'P', 68.14),
(500078, 'ANJU JOSE', 'MASTER OF COMPUTER APPLICATIONS', '2', 64, 58, 62, 54, 50, 53, 38, 37, 416, 'P', 59.43),
(500079, 'ANJU THOMAS', 'MASTER OF COMPUTER APPLICATIONS', '2', 79, 75, 75, 64, 61, 79, 42, 40, 515, 'P', 73.57),
(500080, 'ANNA JOY', 'MASTER OF COMPUTER APPLICATIONS', '2', 52, 50, 64, 52, 50, 53, 40, 39, 400, 'P', 57.14),
(500081, 'ARJUN J', 'MASTER OF COMPUTER APPLICATIONS', '2', 51, 53, 55, 50, 50, 53, 40, 40, 392, 'P', 56),
(500082, 'ARUN JOSE', 'MASTER OF COMPUTER APPLICATIONS', '2', 51, 50, 61, 56, 50, 55, 40, 38, 401, 'P', 57.29),
(500083, 'ARUN JOSE', 'MASTER OF COMPUTER APPLICATIONS', '2', 76, 73, 68, 56, 63, 93, 40, 40, 509, 'P', 72.71),
(500084, 'ARUN THOMAS', 'MASTER OF COMPUTER APPLICATIONS', '2', 66, 55, 63, 52, 51, 66, 40, 37, 430, 'P', 61.43),
(500085, 'ASWATHY A S', 'MASTER OF COMPUTER APPLICATIONS', '2', 89, 78, 79, 77, 78, 72, 43, 41, 557, 'P', 79.57),
(500086, 'ATHIRA S', 'MASTER OF COMPUTER APPLICATIONS', '2', 86, 78, 81, 75, 82, 90, 43, 41, 576, 'P', 82.29),
(500087, 'BASIL ABRAHAM', 'MASTER OF COMPUTER APPLICATIONS', '2', 84, 66, 76, 68, 69, 95, 46, 42, 546, 'P', 78),
(500088, 'BIPIN P R', 'MASTER OF COMPUTER APPLICATIONS', '2', 57, 50, 62, 54, 50, 56, 40, 36, 405, 'P', 57.86),
(500089, 'DHANYA V B', 'MASTER OF COMPUTER APPLICATIONS', '2', 74, 57, 63, 50, 65, 51, 42, 37, 439, 'P', 62.71),
(500090, 'FINALS THOMAS', 'MASTER OF COMPUTER APPLICATIONS', '2', 67, 68, 64, 59, 60, 63, 38, 39, 458, 'P', 65.43),
(500091, 'HAFNITHA P HABEEB', 'MASTER OF COMPUTER APPLICATIONS', '2', 70, 64, 63, 54, 65, 74, 39, 38, 467, 'P', 66.71),
(500092, 'HARIKRISHNAN NAMBOOTHIRI', 'MASTER OF COMPUTER APPLICATIONS', '2', 60, 58, 56, 50, 54, 82, 41, 37, 438, 'P', 62.57),
(500093, 'HARSHA HANEEFA', 'MASTER OF COMPUTER APPLICATIONS', '2', 70, 58, 63, 58, 64, 69, 40, 39, 461, 'P', 65.86),
(500094, 'HEMANTH G NAIR', 'MASTER OF COMPUTER APPLICATIONS', '2', 79, 65, 71, 56, 66, 95, 44, 38, 514, 'P', 73.43),
(500095, 'HENNA NAZRIN', 'MASTER OF COMPUTER APPLICATIONS', '2', 61, 50, 50, 50, 52, 55, 40, 37, 395, 'P', 56.43),
(500096, 'JAIN JOHNSON', 'MASTER OF COMPUTER APPLICATIONS', '2', 72, 71, 65, 70, 68, 86, 37, 40, 509, 'P', 72.71),
(500097, 'JOHN JOSEPH', 'MASTER OF COMPUTER APPLICATIONS', '2', 82, 64, 67, 64, 66, 92, 42, 39, 516, 'P', 73.71),
(500098, 'KRISHNENDU VALSAN', 'MASTER OF COMPUTER APPLICATIONS', '2', 88, 69, 70, 60, 63, 63, 40, 37, 490, 'P', 70),
(500099, 'LISTON P M', 'MASTER OF COMPUTER APPLICATIONS', '2', 81, 59, 56, 61, 50, 50, 42, 38, 437, 'P', 62.43),
(500100, 'MANJU JOSE', 'MASTER OF COMPUTER APPLICATIONS', '2', 69, 59, 68, 50, 62, 54, 40, 37, 439, 'P', 62.71),
(500101, 'MANU RADHAKRISHNAN', 'MASTER OF COMPUTER APPLICATIONS', '2', 68, 56, 67, 61, 66, 96, 38, 38, 490, 'P', 70),
(500102, 'MATHEW RAJ', 'MASTER OF COMPUTER APPLICATIONS', '2', 75, 62, 58, 50, 53, 92, 41, 37, 468, 'P', 66.86),
(500103, 'MEBIN THOMAS', 'MASTER OF COMPUTER APPLICATIONS', '2', 79, 57, 59, 57, 68, 85, 38, 39, 482, 'P', 68.86),
(500104, 'MERIN PAUL MANIYARA', 'MASTER OF COMPUTER APPLICATIONS', '2', 80, 70, 74, 72, 60, 53, 39, 40, 488, 'P', 69.71),
(500105, 'NAVIA S', 'MASTER OF COMPUTER APPLICATIONS', '2', 85, 61, 76, 69, 65, 51, 39, 41, 487, 'P', 69.57),
(500106, 'NAVYA THOMAS', 'MASTER OF COMPUTER APPLICATIONS', '2', 69, 69, 70, 69, 67, 72, 39, 42, 497, 'P', 71),
(500107, 'NIDHIYA JOSE', 'MASTER OF COMPUTER APPLICATIONS', '2', 67, 56, 68, 50, 55, 63, 37, 40, 436, 'P', 62.29),
(500108, 'NIJAS NAJEEB', 'MASTER OF COMPUTER APPLICATIONS', '2', 59, 54, 59, 50, 54, 61, 37, 37, 411, 'P', 58.71),
(500109, 'NIKHIL VARGHESE', 'MASTER OF COMPUTER APPLICATIONS', '2', 73, 68, 63, 67, 57, 90, 40, 39, 497, 'P', 71),
(500110, 'NIMMY PAULY', 'MASTER OF COMPUTER APPLICATIONS', '2', 73, 63, 65, 61, 69, 64, 41, 38, 474, 'P', 67.71),
(500111, 'RAIJI P J', 'MASTER OF COMPUTER APPLICATIONS', '2', 84, 64, 74, 67, 61, 87, 36, 39, 512, 'P', 73.14),
(500112, 'RAJANI R PAI', 'MASTER OF COMPUTER APPLICATIONS', '2', 93, 68, 76, 72, 67, 95, 42, 45, 558, 'P', 79.71),
(500113, 'RICHU', 'MASTER OF COMPUTER APPLICATIONS', '2', 64, 63, 73, 68, 60, 52, 39, 37, 456, 'P', 65.14),
(500114, 'ROSMY GEORGE', 'MASTER OF COMPUTER APPLICATIONS', '2', 71, 53, 62, 66, 62, 69, 38, 38, 459, 'P', 65.57),
(500115, 'RUPANJANA R', 'MASTER OF COMPUTER APPLICATIONS', '2', 71, 69, 79, 68, 67, 62, 41, 41, 498, 'P', 71.14),
(500116, 'SAFEER T A', 'MASTER OF COMPUTER APPLICATIONS', '2', 50, 34, 51, 53, 53, 51, 39, 39, 370, 'F', 52.86),
(500117, 'SAMEESH A S', 'MASTER OF COMPUTER APPLICATIONS', '2', 82, 70, 68, 69, 63, 93, 41, 37, 523, 'P', 74.71),
(500118, 'SHIBINA M M', 'MASTER OF COMPUTER APPLICATIONS', '2', 64, 58, 61, 57, 58, 71, 37, 38, 444, 'P', 63.43),
(500119, 'SINCY PAPPACHAN', 'MASTER OF COMPUTER APPLICATIONS', '2', 79, 52, 58, 57, 55, 67, 41, 40, 449, 'P', 64.14),
(500120, 'SREEKARAN B', 'MASTER OF COMPUTER APPLICATIONS', '2', 74, 70, 67, 62, 72, 95, 42, 40, 522, 'P', 74.57),
(500121, 'STELCY JOSE', 'MASTER OF COMPUTER APPLICATIONS', '2', 86, 64, 70, 64, 64, 60, 41, 38, 487, 'P', 69.57),
(500122, 'THARUN KUMAR M V', 'MASTER OF COMPUTER APPLICATIONS', '2', 82, 61, 62, 61, 60, 60, 40, 38, 464, 'P', 66.29),
(500123, 'THRISHNA M S', 'MASTER OF COMPUTER APPLICATIONS', '2', 77, 65, 74, 62, 61, 63, 41, 40, 483, 'P', 69),
(500124, 'TOM TONY E A', 'MASTER OF COMPUTER APPLICATIONS', '2', 73, 50, 57, 58, 50, 53, 39, 37, 417, 'P', 59.57),
(500125, 'VAMSI VENUGOPAL', 'MASTER OF COMPUTER APPLICATIONS', '2', 58, 57, 54, 61, 61, 72, 36, 37, 436, 'P', 62.29),
(500126, 'VANDANA K V', 'MASTER OF COMPUTER APPLICATIONS', '2', 57, 60, 70, 67, 64, 51, 39, 42, 450, 'P', 64.29),
(500127, 'VINEETH MENON V', 'MASTER OF COMPUTER APPLICATIONS', '2', 56, 57, 59, 59, 71, 71, 38, 38, 449, 'P', 64.14),
(500128, 'VISHNU DAS K T', 'MASTER OF COMPUTER APPLICATIONS', '2', 66, 63, 66, 63, 59, 86, 43, 38, 484, 'P', 69.14),
(500129, 'VIVEK GEORGE', 'MASTER OF COMPUTER APPLICATIONS', '2', 70, 57, 70, 75, 66, 84, 40, 40, 502, 'P', 71.71),
(500141, 'ABIN JOY', 'MASTER OF COMPUTER APPLICATIONS', '3', 54, 66, 67, 58, 58, 73, 38, 38, 452, 'P', 64.57),
(500142, 'ABY VARGHESE', 'MASTER OF COMPUTER APPLICATIONS', '3', 75, 73, 74, 57, 60, 91, 38, 38, 506, 'P', 72.29),
(500143, 'ALEENA V NOUSHAD', 'MASTER OF COMPUTER APPLICATIONS', '3', 75, 69, 72, 57, 56, 74, 39, 40, 482, 'P', 68.86),
(500144, 'ANCY K ABRAHAM', 'MASTER OF COMPUTER APPLICATIONS', '3', 74, 69, 61, 51, 57, 60, 37, 39, 448, 'P', 64),
(500145, 'ARSHA SREEDHARAN', 'MASTER OF COMPUTER APPLICATIONS', '3', 55, 57, 55, 39, 50, 72, 37, 39, 404, 'F', 57.71),
(500146, 'ARUN P S', 'MASTER OF COMPUTER APPLICATIONS', '3', 66, 64, 66, 38, 57, 75, 37, 40, 443, 'F', 63.29),
(500147, 'ARYADEVI B', 'MASTER OF COMPUTER APPLICATIONS', '3', 70, 72, 69, 72, 70, 62, 39, 41, 495, 'P', 70.71),
(500148, 'ASHLY MOHANAN V M', 'MASTER OF COMPUTER APPLICATIONS', '3', 83, 82, 78, 76, 74, 93, 44, 42, 572, 'P', 81.71),
(500149, 'ASHNA K N', 'MASTER OF COMPUTER APPLICATIONS', '3', 84, 72, 79, 60, 72, 92, 40, 40, 539, 'P', 77),
(500150, 'ASHNA VAHAB', 'MASTER OF COMPUTER APPLICATIONS', '3', 62, 60, 69, 50, 56, 78, 44, 40, 459, 'P', 65.57),
(500151, 'ASHNAMOL C N', 'MASTER OF COMPUTER APPLICATIONS', '3', 65, 70, 68, 50, 52, 86, 40, 40, 471, 'P', 67.29),
(500152, 'ASWATHY G NAIR', 'MASTER OF COMPUTER APPLICATIONS', '3', 83, 81, 79, 70, 73, 92, 44, 42, 564, 'P', 80.57),
(500153, 'BASIL THOMAS', 'MASTER OF COMPUTER APPLICATIONS', '3', 75, 70, 71, 50, 65, 76, 44, 39, 490, 'P', 70),
(500154, 'BRINTO AUGUSTINE', 'MASTER OF COMPUTER APPLICATIONS', '3', 67, 70, 67, 50, 60, 77, 39, 39, 469, 'P', 67),
(500155, 'ELDIN M T', 'MASTER OF COMPUTER APPLICATIONS', '3', 50, 54, 58, 50, 51, 74, 42, 39, 418, 'P', 59.71),
(500156, 'FATHIMA FARSANA', 'MASTER OF COMPUTER APPLICATIONS', '3', 72, 70, 65, 51, 64, 59, 40, 40, 461, 'P', 65.86),
(500157, 'FEMY MATHEW', 'MASTER OF COMPUTER APPLICATIONS', '3', 56, 76, 71, 65, 59, 62, 41, 40, 470, 'P', 67.14),
(500158, 'GEORGEENA GEORGE', 'MASTER OF COMPUTER APPLICATIONS', '3', 60, 70, 76, 59, 64, 85, 40, 40, 494, 'P', 70.57),
(500159, 'JAYASREE M S', 'MASTER OF COMPUTER APPLICATIONS', '3', 75, 63, 79, 53, 50, 82, 40, 38, 480, 'P', 68.57),
(500160, 'KHALEEL EBRAHIM', 'MASTER OF COMPUTER APPLICATIONS', '3', 73, 69, 68, 50, 68, 87, 42, 40, 497, 'P', 71),
(500161, 'LAKSHMI K V', 'MASTER OF COMPUTER APPLICATIONS', '3', 70, 68, 60, 50, 55, 61, 41, 40, 445, 'P', 63.57),
(500162, 'NIBU RAMAKRISHNAN', 'MASTER OF COMPUTER APPLICATIONS', '3', 70, 68, 72, 57, 69, 84, 41, 40, 501, 'P', 71.57),
(500163, 'RAHUL DEV V SHANMUGHAN', 'MASTER OF COMPUTER APPLICATIONS', '3', 50, 50, 53, 26, 60, 75, 41, 39, 394, 'F', 56.29),
(500164, 'RAHUL T  N', 'MASTER OF COMPUTER APPLICATIONS', '3', 76, 63, 70, 51, 50, 84, 42, 40, 476, 'P', 68),
(500165, 'REMSIYA SULAIMAN', 'MASTER OF COMPUTER APPLICATIONS', '3', 76, 63, 69, 50, 53, 87, 39, 40, 477, 'P', 68.14),
(500166, 'RESHMA SURESH', 'MASTER OF COMPUTER APPLICATIONS', '3', 78, 69, 67, 50, 68, 79, 41, 40, 492, 'P', 70.29),
(500167, 'RESHMI T K', 'MASTER OF COMPUTER APPLICATIONS', '3', 56, 60, 61, 38, 57, 58, 40, 40, 410, 'F', 58.57),
(500168, 'RINCY RASHEED', 'MASTER OF COMPUTER APPLICATIONS', '3', 84, 68, 71, 53, 69, 73, 41, 39, 498, 'P', 71.14),
(500169, 'ROHIT R', 'MASTER OF COMPUTER APPLICATIONS', '3', 79, 70, 75, 55, 75, 94, 43, 41, 532, 'P', 76),
(500170, 'SABEENA A K', 'MASTER OF COMPUTER APPLICATIONS', '3', 80, 74, 74, 66, 78, 93, 43, 40, 548, 'P', 78.29),
(500171, 'SHAFEENA SALAM', 'MASTER OF COMPUTER APPLICATIONS', '3', 81, 82, 77, 65, 70, 89, 39, 45, 548, 'P', 78.29),
(500172, 'SHAHANAZ K', 'MASTER OF COMPUTER APPLICATIONS', '3', 59, 61, 71, 54, 63, 57, 38, 39, 442, 'P', 63.14),
(500173, 'SHANI IBRAHIM', 'MASTER OF COMPUTER APPLICATIONS', '3', 59, 62, 57, 34, 57, 73, 36, 40, 418, 'F', 59.71),
(500174, 'SIYAMOL T M', 'MASTER OF COMPUTER APPLICATIONS', '3', 42, 60, 62, 30, 54, 56, 37, 38, 379, 'F', 54.14),
(500175, 'SREEJITH S', 'MASTER OF COMPUTER APPLICATIONS', '3', 88, 73, 73, 61, 73, 90, 40, 39, 537, 'P', 76.71),
(500176, 'SREESANKAR C VARRIER', 'MASTER OF COMPUTER APPLICATIONS', '3', 75, 71, 73, 55, 70, 93, 44, 40, 521, 'P', 74.43),
(500177, 'THASNI T A', 'MASTER OF COMPUTER APPLICATIONS', '3', 75, 70, 66, 60, 63, 58, 38, 40, 470, 'P', 67.14),
(500178, 'VIPIN M T', 'MASTER OF COMPUTER APPLICATIONS', '3', 76, 76, 72, 70, 78, 94, 44, 38, 548, 'P', 78.29),
(500191, 'AKHILA CHERIYAN', 'MASTER OF COMPUTER APPLICATIONS', '4', 82, 54, 59, 55, 41, 59, 41, 37, 428, 'F', 61.14),
(500192, 'AKHILA RAJU', 'MASTER OF COMPUTER APPLICATIONS', '4', 88, 76, 78, 68, 78, 80, 40, 44, 552, 'P', 78.86),
(500193, 'AMALDEV K K', 'MASTER OF COMPUTER APPLICATIONS', '4', 78, 58, 65, 64, 66, 66, 42, 45, 484, 'P', 69.14),
(500194, 'ANJALI SUNIL', 'MASTER OF COMPUTER APPLICATIONS', '4', 91, 75, 74, 65, 71, 60, 39, 38, 513, 'P', 73.29),
(500195, 'ANSU MARIAM CHERIAN', 'MASTER OF COMPUTER APPLICATIONS', '4', 100, 77, 86, 81, 88, 93, 48, 45, 618, 'P', 88.29),
(500196, 'ARJUN PRASAD K', 'MASTER OF COMPUTER APPLICATIONS', '4', 74, 57, 66, 61, 54, 62, 41, 36, 451, 'P', 64.43),
(500197, 'ARYA JOSEPH', 'MASTER OF COMPUTER APPLICATIONS', '4', 74, 57, 68, 50, 71, 67, 41, 44, 472, 'P', 67.43),
(500198, 'ATHIRA CHAND', 'MASTER OF COMPUTER APPLICATIONS', '4', 69, 53, 62, 68, 65, 57, 42, 35, 451, 'P', 64.43),
(500199, 'ATHIRA K BABU', 'MASTER OF COMPUTER APPLICATIONS', '4', 61, 55, 66, 60, 63, 62, 43, 36, 446, 'P', 63.71),
(500200, 'CHITHRA G ', 'MASTER OF COMPUTER APPLICATIONS', '4', 88, 69, 67, 58, 58, 64, 40, 42, 486, 'P', 69.43),
(500201, 'GITHIN MADHU', 'MASTER OF COMPUTER APPLICATIONS', '4', 91, 74, 64, 58, 73, 60, 37, 45, 502, 'P', 71.71),
(500202, 'JERIN SAMUEL', 'MASTER OF COMPUTER APPLICATIONS', '4', 85, 73, 58, 55, 70, 95, 44, 38, 518, 'P', 74),
(500203, 'JITTY JOSEPH', 'MASTER OF COMPUTER APPLICATIONS', '4', 75, 71, 72, 67, 56, 41, 38, 36, 456, 'F', 65.14),
(500204, 'KRISHNAKALA B  NAIR', 'MASTER OF COMPUTER APPLICATIONS', '4', 91, 76, 72, 74, 78, 78, 42, 45, 556, 'P', 79.43),
(500205, 'KRISHNAKUMARI B', 'MASTER OF COMPUTER APPLICATIONS', '4', 93, 81, 78, 86, 77, 79, 45, 41, 580, 'P', 82.86),
(500206, 'LIJIN P JACOB', 'MASTER OF COMPUTER APPLICATIONS', '4', 89, 78, 80, 66, 80, 85, 45, 45, 568, 'P', 81.14),
(500207, 'MEENU J', 'MASTER OF COMPUTER APPLICATIONS', '4', 75, 74, 73, 76, 75, 69, 43, 43, 528, 'P', 75.43),
(500208, 'MEERA ANAND', 'MASTER OF COMPUTER APPLICATIONS', '4', 94, 84, 84, 85, 80, 81, 44, 45, 597, 'P', 85.29),
(500209, 'NAYANA VINOD', 'MASTER OF COMPUTER APPLICATIONS', '4', 79, 67, 67, 56, 66, 60, 39, 42, 476, 'P', 68),
(500210, 'NIEMA SUSAN', 'MASTER OF COMPUTER APPLICATIONS', '4', 82, 63, 70, 73, 70, 63, 42, 38, 501, 'P', 71.57),
(500211, 'PRAVEENA P NAIR', 'MASTER OF COMPUTER APPLICATIONS', '4', 89, 68, 71, 63, 54, 59, 42, 45, 491, 'P', 70.14),
(500212, 'RAJI SUSY JOHNY', 'MASTER OF COMPUTER APPLICATIONS', '4', 50, 61, 63, 67, 45, 56, 38, 35, 415, 'F', 59.29),
(500213, 'ROSEBI VARGHESE', 'MASTER OF COMPUTER APPLICATIONS', '4', 79, 55, 56, 61, 50, 54, 41, 35, 431, 'P', 61.57),
(500214, 'SALBIN KURIAKOSE', 'MASTER OF COMPUTER APPLICATIONS', '4', 69, 71, 71, 62, 70, 73, 41, 38, 495, 'P', 70.71),
(500215, 'SARANYA DAS', 'MASTER OF COMPUTER APPLICATIONS', '4', 69, 80, 70, 75, 75, 63, 42, 38, 512, 'P', 73.14),
(500216, 'SEETHAL P', 'MASTER OF COMPUTER APPLICATIONS', '4', 83, 57, 52, 61, 38, 63, 36, 35, 425, 'F', 60.71),
(500217, 'SHIBSY JOSEPH', 'MASTER OF COMPUTER APPLICATIONS', '4', 67, 72, 68, 57, 50, 60, 39, 31, 444, 'P', 63.43),
(500218, 'SREEJITHA J', 'MASTER OF COMPUTER APPLICATIONS', '4', 72, 70, 74, 66, 76, 84, 40, 45, 527, 'P', 75.29),
(500219, 'SREELAL N NAIR', 'MASTER OF COMPUTER APPLICATIONS', '4', 64, 71, 72, 74, 69, 93, 37, 35, 515, 'P', 73.57),
(500220, 'SRUTHY GOPAN', 'MASTER OF COMPUTER APPLICATIONS', '4', 58, 53, 50, 50, 31, 53, 37, 40, 372, 'F', 53.14),
(500221, 'SUJITH JACOB', 'MASTER OF COMPUTER APPLICATIONS', '4', 73, 73, 52, 62, 42, 55, 38, 42, 437, 'F', 62.43),
(500222, 'TINU ROSAMMA JOSEPH', 'MASTER OF COMPUTER APPLICATIONS', '4', 10, 10, 10, 10, 10, 10, 10, 35, 105, 'F', 15),
(500223, 'UMESH U', 'MASTER OF COMPUTER APPLICATIONS', '4', 93, 74, 76, 71, 65, 43, 39, 45, 506, 'F', 72.29),
(500224, 'VISHNU S DARSANAN', 'MASTER OF COMPUTER APPLICATIONS', '4', 0, 0, 0, 0, 0, 0, 0, 0, 0, 'F', 0),
(500241, 'AFNITHA K M', 'MASTER OF COMPUTER APPLICATIONS', '5', 65, 65, 80, 54, 56, 56, 44, 38, 458, 'P', 65.43),
(500242, 'ANJU ANILKUMAR', 'MASTER OF COMPUTER APPLICATIONS', '5', 71, 64, 70, 54, 50, 59, 42, 37, 447, 'P', 63.86),
(500243, 'ANTONY ALEX A', 'MASTER OF COMPUTER APPLICATIONS', '5', 60, 57, 62, 52, 35, 49, 41, 40, 396, 'F', 56.57),
(500244, 'ATHIRA RAJU', 'MASTER OF COMPUTER APPLICATIONS', '5', 60, 75, 78, 72, 70, 85, 41, 41, 522, 'P', 74.57),
(500245, 'BALAGOKUL K N', 'MASTER OF COMPUTER APPLICATIONS', '5', 58, 73, 72, 25, 63, 64, 39, 39, 433, 'F', 61.86),
(500246, 'BASIL ABRAHAM', 'MASTER OF COMPUTER APPLICATIONS', '5', 55, 60, 59, 50, 37, 62, 36, 38, 397, 'F', 56.71),
(500247, 'BESTIN T J', 'MASTER OF COMPUTER APPLICATIONS', '5', 78, 67, 66, 57, 50, 65, 41, 39, 463, 'P', 66.14),
(500248, 'FASNA M M', 'MASTER OF COMPUTER APPLICATIONS', '5', 65, 59, 65, 54, 54, 67, 37, 39, 440, 'P', 62.86),
(500249, 'FIROZ SHA SUBAIR', 'MASTER OF COMPUTER APPLICATIONS', '5', 76, 68, 73, 64, 51, 62, 39, 42, 475, 'P', 67.86),
(500250, 'GEETHU SABU', 'MASTER OF COMPUTER APPLICATIONS', '5', 79, 84, 82, 82, 84, 87, 41, 43, 582, 'P', 83.14),
(500251, 'GEETHU SOMAN', 'MASTER OF COMPUTER APPLICATIONS', '5', 64, 80, 76, 58, 64, 66, 41, 39, 488, 'P', 69.71),
(500252, 'GREESHMA G', 'MASTER OF COMPUTER APPLICATIONS', '5', 72, 65, 77, 70, 70, 63, 41, 45, 503, 'P', 71.86),
(500253, 'HASIM MUHAMMAD', 'MASTER OF COMPUTER APPLICATIONS', '5', 68, 77, 67, 51, 51, 76, 42, 40, 472, 'P', 67.43),
(500254, 'JASEELA P J', 'MASTER OF COMPUTER APPLICATIONS', '5', 81, 81, 80, 81, 74, 79, 45, 40, 561, 'P', 80.14),
(500255, 'JERIN MAJEED', 'MASTER OF COMPUTER APPLICATIONS', '5', 61, 60, 62, 55, 55, 60, 43, 39, 435, 'P', 62.14),
(500256, 'JIBINU K N', 'MASTER OF COMPUTER APPLICATIONS', '5', 66, 50, 67, 50, 37, 56, 38, 37, 401, 'F', 57.29),
(500257, 'JINCY C M', 'MASTER OF COMPUTER APPLICATIONS', '5', 80, 75, 76, 67, 66, 73, 43, 41, 521, 'P', 74.43),
(500258, 'LINO THOMAS', 'MASTER OF COMPUTER APPLICATIONS', '5', 77, 78, 80, 61, 66, 62, 43, 41, 508, 'P', 72.57),
(500259, 'LINU THOMAS', 'MASTER OF COMPUTER APPLICATIONS', '5', 81, 79, 79, 59, 72, 72, 41, 40, 523, 'P', 74.71),
(500260, 'LULU SHAHABAN P JABBAR', 'MASTER OF COMPUTER APPLICATIONS', '5', 80, 77, 76, 64, 72, 85, 39, 40, 533, 'P', 76.14),
(500261, 'MALYA MOHAN', 'MASTER OF COMPUTER APPLICATIONS', '5', 81, 72, 76, 57, 60, 60, 37, 41, 484, 'P', 69.14),
(500262, 'MUFEEDA MOHAMMED ALI', 'MASTER OF COMPUTER APPLICATIONS', '5', 60, 63, 67, 51, 62, 57, 41, 43, 444, 'P', 63.43),
(500263, 'MUHAMMED RISWAN', 'MASTER OF COMPUTER APPLICATIONS', '5', 76, 60, 63, 57, 58, 90, 42, 40, 486, 'P', 69.43),
(500264, 'MUHAMMED SAKKIM V A', 'MASTER OF COMPUTER APPLICATIONS', '5', 77, 63, 72, 42, 60, 75, 42, 41, 472, 'F', 67.43),
(500265, 'MUHSINA P M', 'MASTER OF COMPUTER APPLICATIONS', '5', 74, 57, 67, 26, 53, 57, 41, 40, 415, 'F', 59.29),
(500266, 'NEENU PRAKASH', 'MASTER OF COMPUTER APPLICATIONS', '5', 82, 66, 81, 65, 66, 58, 44, 41, 503, 'P', 71.86),
(500267, 'NEETHUMOL CHACKO', 'MASTER OF COMPUTER APPLICATIONS', '5', 50, 60, 67, 53, 42, 59, 40, 38, 409, 'F', 58.43),
(500268, 'NIKHITHA SAIGAL', 'MASTER OF COMPUTER APPLICATIONS', '5', 74, 58, 81, 50, 59, 69, 41, 44, 476, 'P', 68),
(500269, 'RAIZAMOL E S', 'MASTER OF COMPUTER APPLICATIONS', '5', 90, 64, 78, 58, 56, 69, 41, 40, 496, 'P', 70.86),
(500270, 'RAMSHEEL M', 'MASTER OF COMPUTER APPLICATIONS', '5', 70, 77, 68, 53, 53, 66, 44, 40, 471, 'P', 67.29),
(500271, 'RUKSANA RAHMAN', 'MASTER OF COMPUTER APPLICATIONS', '5', 86, 80, 82, 75, 69, 90, 42, 43, 567, 'P', 81),
(500272, 'SAFNA MOL K A', 'MASTER OF COMPUTER APPLICATIONS', '5', 87, 72, 83, 50, 61, 69, 42, 40, 504, 'P', 72),
(500273, 'SAKKARIYA M A', 'MASTER OF COMPUTER APPLICATIONS', '5', 73, 80, 74, 38, 57, 69, 41, 42, 474, 'F', 67.71),
(500274, 'SENJU SEBASTIAN', 'MASTER OF COMPUTER APPLICATIONS', '5', 69, 61, 70, 58, 50, 72, 39, 41, 460, 'P', 65.71),
(500275, 'SHAMILA P S', 'MASTER OF COMPUTER APPLICATIONS', '5', 92, 78, 81, 61, 66, 73, 41, 42, 534, 'P', 76.29),
(500276, 'SHAMNA C A', 'MASTER OF COMPUTER APPLICATIONS', '5', 80, 81, 79, 67, 54, 74, 41, 43, 519, 'P', 74.14),
(500277, 'SHAREENA P R', 'MASTER OF COMPUTER APPLICATIONS', '5', 72, 70, 75, 58, 60, 64, 41, 42, 482, 'P', 68.86),
(500278, 'SUMAYYA BEEVI S S', 'MASTER OF COMPUTER APPLICATIONS', '5', 64, 66, 72, 38, 50, 63, 43, 37, 433, 'F', 61.86),
(500291, 'ABIN K  VARKEY', 'MASTER OF COMPUTER APPLICATIONS', '6', 74, 73, 61, 71, 76, 89, 47, 45, 536, 'P', 76.57),
(500292, 'ANANYA SATHYANATH', 'MASTER OF COMPUTER APPLICATIONS', '6', 59, 66, 71, 81, 62, 64, 39, 42, 484, 'P', 69.14),
(500293, 'ANJU R', 'MASTER OF COMPUTER APPLICATIONS', '6', 51, 60, 58, 71, 59, 59, 41, 30, 429, 'P', 61.29),
(500294, 'ANU NANDAN', 'MASTER OF COMPUTER APPLICATIONS', '6', 54, 56, 61, 58, 67, 58, 38, 32, 424, 'P', 60.57),
(500295, 'ARADHANA BHADRAN', 'MASTER OF COMPUTER APPLICATIONS', '6', 50, 60, 60, 56, 68, 59, 41, 40, 434, 'P', 62),
(500296, 'ATHIRA C', 'MASTER OF COMPUTER APPLICATIONS', '6', 57, 64, 62, 69, 61, 80, 38, 44, 475, 'P', 67.86),
(500297, 'ATHIRA GOPAL', 'MASTER OF COMPUTER APPLICATIONS', '6', 72, 71, 68, 75, 76, 71, 38, 40, 511, 'P', 73),
(500298, 'BEENA DEVI V', 'MASTER OF COMPUTER APPLICATIONS', '6', 59, 68, 66, 64, 68, 72, 38, 44, 479, 'P', 68.43),
(500299, 'BHAGYALAKSHMI S NAIR', 'MASTER OF COMPUTER APPLICATIONS', '6', 76, 73, 70, 71, 70, 94, 42, 40, 536, 'P', 76.57),
(500300, 'BISMI SUSAN PETER', 'MASTER OF COMPUTER APPLICATIONS', '6', 63, 63, 60, 60, 61, 88, 43, 38, 476, 'P', 68),
(500301, 'CHINTU VIJU MATHEW', 'MASTER OF COMPUTER APPLICATIONS', '6', 50, 64, 58, 63, 68, 60, 45, 40, 448, 'P', 64),
(500302, 'DEEPAK V ANAND', 'MASTER OF COMPUTER APPLICATIONS', '6', 62, 62, 64, 60, 64, 91, 43, 38, 484, 'P', 69.14),
(500303, 'GAYATHRI DAS T', 'MASTER OF COMPUTER APPLICATIONS', '6', 73, 71, 60, 70, 70, 85, 42, 40, 511, 'P', 73),
(500304, 'GOKUL P', 'MASTER OF COMPUTER APPLICATIONS', '6', 67, 67, 60, 69, 75, 89, 40, 37, 504, 'P', 72),
(500305, 'GREESHMA P G', 'MASTER OF COMPUTER APPLICATIONS', '6', 93, 73, 78, 82, 81, 92, 41, 37, 577, 'P', 82.43),
(500306, 'HAREESH KUMAR M', 'MASTER OF COMPUTER APPLICATIONS', '6', 79, 57, 51, 50, 69, 83, 40, 39, 468, 'P', 66.86),
(500307, 'JIYA K  SHAJI', 'MASTER OF COMPUTER APPLICATIONS', '6', 65, 64, 58, 59, 55, 58, 41, 35, 435, 'P', 62.14),
(500308, 'JULU THOMAS', 'MASTER OF COMPUTER APPLICATIONS', '6', 58, 68, 62, 70, 71, 87, 39, 38, 493, 'P', 70.43),
(500309, 'JULY JOSEPH', 'MASTER OF COMPUTER APPLICATIONS', '6', 81, 73, 76, 74, 80, 95, 39, 37, 555, 'P', 79.29),
(500310, 'LEO THOMAS', 'MASTER OF COMPUTER APPLICATIONS', '6', 42, 56, 62, 50, 57, 80, 46, 37, 430, 'F', 61.43),
(500311, 'LIJO RAJAN', 'MASTER OF COMPUTER APPLICATIONS', '6', 76, 71, 77, 78, 69, 80, 46, 34, 531, 'P', 75.86),
(500312, 'LINI ANIE PHILIP', 'MASTER OF COMPUTER APPLICATIONS', '6', 71, 70, 62, 70, 73, 60, 42, 39, 487, 'P', 69.57),
(500313, 'MANJU MARIAM MATHEW', 'MASTER OF COMPUTER APPLICATIONS', '6', 69, 73, 82, 76, 80, 87, 42, 43, 552, 'P', 78.86),
(500314, 'MIDHUN DAS', 'MASTER OF COMPUTER APPLICATIONS', '6', 51, 64, 65, 56, 74, 84, 44, 33, 471, 'P', 67.29),
(500315, 'NEETHU KRISHNA R', 'MASTER OF COMPUTER APPLICATIONS', '6', 74, 71, 74, 77, 80, 88, 39, 34, 537, 'P', 76.71),
(500316, 'NEETHU SAM', 'MASTER OF COMPUTER APPLICATIONS', '6', 60, 85, 74, 78, 74, 61, 38, 40, 510, 'P', 72.86),
(500317, 'PRASEEDA T P', 'MASTER OF COMPUTER APPLICATIONS', '6', 55, 50, 71, 68, 70, 87, 39, 39, 479, 'P', 68.43),
(500318, 'RINCY ROY', 'MASTER OF COMPUTER APPLICATIONS', '6', 91, 79, 74, 81, 86, 95, 44, 43, 593, 'P', 84.71),
(500319, 'RINCY YOHANNAN', 'MASTER OF COMPUTER APPLICATIONS', '6', 73, 74, 76, 73, 76, 89, 43, 42, 546, 'P', 78),
(500320, 'RINU JOSEPH', 'MASTER OF COMPUTER APPLICATIONS', '6', 65, 69, 62, 69, 67, 88, 39, 40, 499, 'P', 71.29),
(500321, 'SHERIN BABU', 'MASTER OF COMPUTER APPLICATIONS', '6', 85, 83, 81, 81, 84, 93, 42, 44, 593, 'P', 84.71),
(500322, 'SHILPA P', 'MASTER OF COMPUTER APPLICATIONS', '6', 55, 73, 73, 66, 72, 58, 37, 41, 475, 'P', 67.86),
(500323, 'SUJITH KUMAR S', 'MASTER OF COMPUTER APPLICATIONS', '6', 64, 68, 64, 56, 69, 91, 38, 36, 486, 'P', 69.43),
(500324, 'SUJITH S', 'MASTER OF COMPUTER APPLICATIONS', '6', 81, 71, 63, 62, 60, 58, 36, 36, 467, 'P', 66.71),
(500325, 'THUSHARA BABU', 'MASTER OF COMPUTER APPLICATIONS', '6', 68, 75, 83, 78, 83, 95, 40, 43, 565, 'P', 80.71),
(500326, 'TINTU K MATHEW', 'MASTER OF COMPUTER APPLICATIONS', '6', 72, 68, 70, 60, 73, 80, 37, 38, 498, 'P', 71.14),
(500327, 'TWINKLE BINU', 'MASTER OF COMPUTER APPLICATIONS', '6', 76, 87, 77, 67, 75, 84, 39, 40, 545, 'P', 77.86),
(500341, 'ABHIJITH P HARIDAS', 'MASTER OF COMPUTER APPLICATIONS', '7', 95, 72, 69, 56, 73, 96, 45, 40, 546, 'P', 78),
(500342, 'ANJU A S', 'MASTER OF COMPUTER APPLICATIONS', '7', 72, 67, 70, 62, 72, 77, 41, 46, 507, 'P', 72.43),
(500343, 'ANOOP T U', 'MASTER OF COMPUTER APPLICATIONS', '7', 65, 71, 63, 63, 59, 95, 45, 36, 497, 'P', 71),
(500344, 'APARNA T P', 'MASTER OF COMPUTER APPLICATIONS', '7', 74, 67, 67, 69, 63, 72, 40, 45, 497, 'P', 71),
(500345, 'ATHIRA K V', 'MASTER OF COMPUTER APPLICATIONS', '7', 87, 68, 81, 67, 84, 85, 39, 42, 553, 'P', 79),
(500346, 'BINCIL C J', 'MASTER OF COMPUTER APPLICATIONS', '7', 63, 66, 65, 50, 60, 78, 47, 40, 469, 'P', 67),
(500347, 'DENOMIYA ANTONY', 'MASTER OF COMPUTER APPLICATIONS', '7', 81, 61, 74, 72, 67, 77, 41, 40, 513, 'P', 73.29),
(500348, 'DOYAL JOSEPH', 'MASTER OF COMPUTER APPLICATIONS', '7', 87, 61, 61, 62, 58, 85, 40, 37, 491, 'P', 70.14),
(500349, 'EBEY JOHN', 'MASTER OF COMPUTER APPLICATIONS', '7', 87, 70, 83, 59, 76, 89, 46, 35, 545, 'P', 77.86),
(500350, 'EDWIN DIXON', 'MASTER OF COMPUTER APPLICATIONS', '7', 70, 59, 56, 50, 62, 96, 46, 30, 469, 'P', 67),
(500351, 'FOUSIYA HASSAN', 'MASTER OF COMPUTER APPLICATIONS', '7', 90, 79, 78, 67, 74, 87, 45, 43, 563, 'P', 80.43),
(500352, 'GRACE RESHMA', 'MASTER OF COMPUTER APPLICATIONS', '7', 57, 68, 65, 62, 71, 74, 41, 35, 473, 'P', 67.57),
(500353, 'JYOTHILAKSHMI P M ', 'MASTER OF COMPUTER APPLICATIONS', '7', 78, 80, 75, 72, 81, 87, 43, 46, 562, 'P', 80.29),
(500354, 'MARIA EUELIN SOUZA', 'MASTER OF COMPUTER APPLICATIONS', '7', 61, 63, 72, 50, 77, 72, 43, 34, 472, 'P', 67.43),
(500355, 'MUHAS K H', 'MASTER OF COMPUTER APPLICATIONS', '7', 72, 66, 66, 65, 75, 75, 43, 37, 499, 'P', 71.29),
(500356, 'NIDHI AJAYKUMAR NAIR', 'MASTER OF COMPUTER APPLICATIONS', '7', 88, 79, 77, 65, 81, 95, 44, 48, 577, 'P', 82.43),
(500357, 'PREETHYMOL V K', 'MASTER OF COMPUTER APPLICATIONS', '7', 66, 79, 75, 59, 81, 89, 48, 42, 539, 'P', 77),
(500358, 'REEBA JOSEPH', 'MASTER OF COMPUTER APPLICATIONS', '7', 76, 63, 73, 64, 79, 89, 45, 45, 534, 'P', 76.29),
(500359, 'REESHA MUHAMMED', 'MASTER OF COMPUTER APPLICATIONS', '7', 72, 67, 72, 60, 53, 71, 42, 38, 475, 'P', 67.86),
(500360, 'RESHMA RAJU', 'MASTER OF COMPUTER APPLICATIONS', '7', 85, 74, 86, 62, 78, 95, 47, 44, 571, 'P', 81.57),
(500361, 'REVATHY B', 'MASTER OF COMPUTER APPLICATIONS', '7', 42, 58, 73, 51, 64, 73, 40, 36, 437, 'F', 62.43),
(500362, 'SANAL BALACHANDRAN', 'MASTER OF COMPUTER APPLICATIONS', '7', 76, 69, 81, 54, 77, 97, 49, 40, 543, 'P', 77.57),
(500363, 'SARA JOY MATHEW', 'MASTER OF COMPUTER APPLICATIONS', '7', 87, 77, 79, 70, 83, 97, 45, 48, 586, 'P', 83.71),
(500364, 'SOORYA KS', 'MASTER OF COMPUTER APPLICATIONS', '7', 31, 50, 58, 50, 52, 65, 40, 34, 380, 'F', 54.29),
(500365, 'VISHNU MOHAN', 'MASTER OF COMPUTER APPLICATIONS', '7', 76, 69, 65, 50, 71, 77, 45, 38, 491, 'P', 70.14),
(500381, 'ABHI KRISHNA', 'MASTER OF COMPUTER APPLICATIONS', '8', 67, 66, 59, 63, 61, 92, 40, 39, 487, 'P', 69.57),
(500382, 'AJAY PAUL', 'MASTER OF COMPUTER APPLICATIONS', '8', 74, 78, 63, 69, 59, 72, 40, 37, 492, 'P', 70.29),
(500383, 'AKBARSHA A', 'MASTER OF COMPUTER APPLICATIONS', '8', 78, 78, 66, 70, 65, 91, 44, 37, 529, 'P', 75.57),
(500384, 'AKHIL SOMAN', 'MASTER OF COMPUTER APPLICATIONS', '8', 82, 75, 64, 69, 69, 94, 41, 40, 534, 'P', 76.29),
(500385, 'AKHILDEV M T', 'MASTER OF COMPUTER APPLICATIONS', '8', 50, 28, 23, 31, 31, 70, 41, 37, 311, 'F', 44.43),
(500386, 'AMMU B EDAYADIYIL', 'MASTER OF COMPUTER APPLICATIONS', '8', 71, 61, 68, 63, 55, 72, 39, 40, 469, 'P', 67),
(500387, 'ANAND GEORGE FRANCIS', 'MASTER OF COMPUTER APPLICATIONS', '8', 63, 60, 50, 61, 39, 77, 38, 36, 424, 'F', 60.57),
(500388, 'ANJU JOSE', 'MASTER OF COMPUTER APPLICATIONS', '8', 89, 82, 63, 62, 76, 82, 38, 44, 536, 'P', 76.57),
(500389, 'ANOOP S P', 'MASTER OF COMPUTER APPLICATIONS', '8', 65, 68, 66, 65, 54, 85, 39, 44, 486, 'P', 69.43),
(500390, 'ANU MARIA JOSEPH', 'MASTER OF COMPUTER APPLICATIONS', '8', 69, 58, 53, 53, 52, 88, 38, 42, 453, 'P', 64.71),
(500391, 'ARABIND KRISHNAN A B', 'MASTER OF COMPUTER APPLICATIONS', '8', 77, 70, 50, 67, 50, 85, 42, 43, 484, 'P', 69.14),
(500392, 'ARIF KHAN', 'MASTER OF COMPUTER APPLICATIONS', '8', 67, 66, 54, 50, 50, 89, 45, 40, 461, 'P', 65.86),
(500393, 'ASHRIN ROSE JOSE', 'MASTER OF COMPUTER APPLICATIONS', '8', 83, 76, 63, 71, 64, 93, 43, 44, 537, 'P', 76.71),
(500394, 'AYYAPPARAJ T', 'MASTER OF COMPUTER APPLICATIONS', '8', 40, 50, 52, 61, 50, 74, 30, 35, 392, 'F', 56),
(500395, 'BASILA M NOUSHAD', 'MASTER OF COMPUTER APPLICATIONS', '8', 77, 63, 73, 73, 63, 89, 37, 40, 515, 'P', 73.57),
(500396, 'BEN S MUKKATTIL', 'MASTER OF COMPUTER APPLICATIONS', '8', 72, 66, 57, 63, 55, 80, 44, 42, 479, 'P', 68.43),
(500397, 'CHIPPY JOSEPH', 'MASTER OF COMPUTER APPLICATIONS', '8', 83, 76, 76, 76, 66, 86, 39, 46, 548, 'P', 78.29),
(500398, 'FILCY MARIA JOSEPH', 'MASTER OF COMPUTER APPLICATIONS', '8', 63, 59, 66, 57, 54, 86, 38, 42, 465, 'P', 66.43),
(500399, 'GEETHU NAGAMANI', 'MASTER OF COMPUTER APPLICATIONS', '8', 70, 63, 64, 68, 55, 82, 42, 39, 483, 'P', 69),
(500400, 'GEO DOMINIC', 'MASTER OF COMPUTER APPLICATIONS', '8', 53, 53, 50, 64, 50, 69, 40, 39, 418, 'P', 59.71),
(500401, 'GIBIN GEORGE', 'MASTER OF COMPUTER APPLICATIONS', '8', 63, 71, 57, 68, 61, 87, 40, 37, 484, 'P', 69.14),
(500402, 'GITHIN THOMAS', 'MASTER OF COMPUTER APPLICATIONS', '8', 77, 80, 68, 62, 82, 92, 44, 44, 549, 'P', 78.43),
(500403, 'GRACE JOSEPH', 'MASTER OF COMPUTER APPLICATIONS', '8', 80, 70, 69, 65, 59, 87, 41, 44, 515, 'P', 73.57),
(500404, 'HRISHIKESH P J', 'MASTER OF COMPUTER APPLICATIONS', '8', 55, 63, 54, 50, 56, 80, 40, 33, 431, 'P', 61.57),
(500405, 'JERIN JOSE', 'MASTER OF COMPUTER APPLICATIONS', '8', 68, 74, 57, 59, 58, 87, 40, 35, 478, 'P', 68.29),
(500406, 'JIBIN BABY', 'MASTER OF COMPUTER APPLICATIONS', '8', 85, 76, 65, 60, 61, 88, 41, 35, 511, 'P', 73),
(500407, 'JIJO JOSEPH', 'MASTER OF COMPUTER APPLICATIONS', '8', 66, 58, 57, 59, 51, 83, 41, 37, 452, 'P', 64.57),
(500408, 'JINSON JOSEPH', 'MASTER OF COMPUTER APPLICATIONS', '8', 71, 73, 59, 54, 55, 84, 39, 39, 474, 'P', 67.71),
(500409, 'JOJI JOSEPH', 'MASTER OF COMPUTER APPLICATIONS', '8', 78, 75, 57, 64, 50, 84, 42, 37, 487, 'P', 69.57),
(500410, 'K S MIDHUN KRISHNA', 'MASTER OF COMPUTER APPLICATIONS', '8', 71, 71, 59, 56, 62, 87, 41, 40, 487, 'P', 69.57),
(500411, 'LUDHIYA V JOSE', 'MASTER OF COMPUTER APPLICATIONS', '8', 58, 74, 62, 62, 52, 79, 35, 44, 466, 'P', 66.57),
(500412, 'MANU CHACKO', 'MASTER OF COMPUTER APPLICATIONS', '8', 62, 65, 53, 55, 56, 73, 38, 35, 437, 'P', 62.43),
(500413, 'MAXIN JOHN', 'MASTER OF COMPUTER APPLICATIONS', '8', 69, 70, 55, 61, 58, 91, 40, 37, 481, 'P', 68.71),
(500414, 'MERLIN PRINCY RAJAN', 'MASTER OF COMPUTER APPLICATIONS', '8', 77, 72, 66, 70, 58, 85, 39, 42, 509, 'P', 72.71),
(500415, 'NAVIN GEORGE VARGHESE', 'MASTER OF COMPUTER APPLICATIONS', '8', 42, 57, 50, 54, 52, 73, 40, 34, 402, 'F', 57.43),
(500416, 'NISHA SOBHANAN', 'MASTER OF COMPUTER APPLICATIONS', '8', 91, 73, 59, 58, 54, 92, 45, 39, 511, 'P', 73),
(500417, 'P R ASHWIN RAJ', 'MASTER OF COMPUTER APPLICATIONS', '8', 64, 73, 53, 54, 54, 92, 41, 42, 473, 'P', 67.57),
(500418, 'RENCY JOSE', 'MASTER OF COMPUTER APPLICATIONS', '8', 81, 78, 63, 76, 65, 91, 39, 40, 533, 'P', 76.14),
(500419, 'RENEESH RAJAN', 'MASTER OF COMPUTER APPLICATIONS', '8', 71, 72, 54, 76, 59, 93, 38, 40, 503, 'P', 71.86),
(500420, 'RESHMA BABU', 'MASTER OF COMPUTER APPLICATIONS', '8', 53, 66, 52, 71, 61, 80, 35, 42, 460, 'P', 65.71),
(500421, 'RICHU VARUGHESE C', 'MASTER OF COMPUTER APPLICATIONS', '8', 74, 58, 53, 83, 50, 67, 40, 40, 465, 'P', 66.43),
(500422, 'ROCIN JAMES', 'MASTER OF COMPUTER APPLICATIONS', '8', 66, 57, 55, 83, 55, 71, 38, 42, 467, 'P', 66.71),
(500423, 'RUTH JOSEPH', 'MASTER OF COMPUTER APPLICATIONS', '8', 86, 72, 60, 84, 62, 93, 40, 42, 539, 'P', 77),
(500424, 'SARANYA S NAIR', 'MASTER OF COMPUTER APPLICATIONS', '8', 66, 76, 68, 80, 64, 90, 44, 40, 528, 'P', 75.43),
(500425, 'SHIJI SAMUEL', 'MASTER OF COMPUTER APPLICATIONS', '8', 50, 50, 10, 69, 50, 73, 36, 37, 375, 'F', 53.57),
(500426, 'SHIJO SEBASTIAN', 'MASTER OF COMPUTER APPLICATIONS', '8', 73, 72, 63, 74, 69, 90, 41, 37, 519, 'P', 74.14),
(500427, 'SHONE JACOB', 'MASTER OF COMPUTER APPLICATIONS', '8', 54, 57, 53, 75, 50, 81, 38, 35, 443, 'P', 63.29),
(500428, 'SHYAMA M', 'MASTER OF COMPUTER APPLICATIONS', '8', 58, 55, 58, 75, 63, 84, 42, 37, 472, 'P', 67.43),
(500429, 'SINTO ANTONY', 'MASTER OF COMPUTER APPLICATIONS', '8', 66, 68, 53, 71, 50, 85, 39, 39, 471, 'P', 67.29),
(500441, 'ANITTA PRAKASH', 'MASTER OF COMPUTER APPLICATIONS', '9', 69, 65, 77, 50, 75, 80, 38, 42, 496, 'P', 70.86),
(500442, 'CHINNU MARIAM SHAJI', 'MASTER OF COMPUTER APPLICATIONS', '9', 82, 71, 74, 50, 72, 74, 40, 42, 505, 'P', 72.14),
(500443, 'HARISH KUMAR G', 'MASTER OF COMPUTER APPLICATIONS', '9', 70, 73, 75, 59, 72, 85, 46, 43, 523, 'P', 74.71),
(500444, 'JAISON ABRAHAM', 'MASTER OF COMPUTER APPLICATIONS', '9', 63, 75, 74, 50, 60, 68, 36, 35, 461, 'P', 65.86),
(500445, 'JAISON JOSEPH', 'MASTER OF COMPUTER APPLICATIONS', '9', 61, 50, 61, 50, 63, 67, 37, 36, 425, 'P', 60.71),
(500446, 'JIPSA SUNNY', 'MASTER OF COMPUTER APPLICATIONS', '9', 74, 71, 76, 51, 75, 77, 39, 40, 503, 'P', 71.86),
(500447, 'KAVITHAMBIKA', 'MASTER OF COMPUTER APPLICATIONS', '9', 84, 74, 80, 70, 78, 80, 41, 41, 548, 'P', 78.29),
(500448, 'MINU T M', 'MASTER OF COMPUTER APPLICATIONS', '9', 79, 69, 82, 66, 77, 73, 40, 42, 528, 'P', 75.43),
(500449, 'NEETHU SHAJI', 'MASTER OF COMPUTER APPLICATIONS', '9', 79, 80, 82, 72, 81, 71, 43, 43, 551, 'P', 78.71),
(500450, 'NIKHIL KRISHNA', 'MASTER OF COMPUTER APPLICATIONS', '9', 69, 54, 55, 50, 61, 72, 36, 39, 436, 'P', 62.29),
(500451, 'RESHMA RAJAN', 'MASTER OF COMPUTER APPLICATIONS', '9', 78, 70, 75, 53, 72, 76, 38, 45, 507, 'P', 72.43),
(500452, 'ROHITH R', 'MASTER OF COMPUTER APPLICATIONS', '9', 55, 58, 61, 42, 61, 57, 40, 36, 410, 'F', 58.57),
(500453, 'SHILPA SIVADASAN', 'MASTER OF COMPUTER APPLICATIONS', '9', 41, 50, 55, 27, 41, 52, 30, 33, 329, 'F', 47),
(500454, 'SNEHA RACHEL MATHEW', 'MASTER OF COMPUTER APPLICATIONS', '9', 77, 72, 65, 58, 74, 57, 42, 41, 486, 'P', 69.43),
(500455, 'SURYA BOSE P', 'MASTER OF COMPUTER APPLICATIONS', '9', 76, 76, 71, 67, 80, 91, 39, 42, 542, 'P', 77.43),
(500456, 'SURYA S ANAND', 'MASTER OF COMPUTER APPLICATIONS', '9', 52, 57, 65, 39, 66, 60, 42, 38, 419, 'F', 59.86),
(500471, 'A ANEESH', 'MASTER OF COMPUTER APPLICATIONS', '10', 74, 70, 59, 53, 77, 53, 41, 44, 471, 'P', 67.29),
(500472, 'AISWARYA SAJU', 'MASTER OF COMPUTER APPLICATIONS', '10', 87, 74, 66, 63, 76, 71, 41, 41, 519, 'P', 74.14),
(500473, 'ALEENA PHILOMINA', 'MASTER OF COMPUTER APPLICATIONS', '10', 71, 77, 65, 61, 83, 97, 41, 43, 538, 'P', 76.86),
(500474, 'ANJU MATHEW', 'MASTER OF COMPUTER APPLICATIONS', '10', 74, 73, 66, 50, 80, 70, 40, 39, 492, 'P', 70.29),
(500475, 'ANJU SHAJI', 'MASTER OF COMPUTER APPLICATIONS', '10', 81, 64, 63, 67, 78, 92, 39, 40, 524, 'P', 74.86),
(500476, 'ANU PRIYA P', 'MASTER OF COMPUTER APPLICATIONS', '10', 79, 76, 81, 65, 84, 77, 43, 42, 547, 'P', 78.14),
(500477, 'AREVINDH SIDDHU  P ', 'MASTER OF COMPUTER APPLICATIONS', '10', 64, 61, 59, 50, 79, 93, 42, 38, 486, 'P', 69.43),
(500478, 'ARUNKUMAR R', 'MASTER OF COMPUTER APPLICATIONS', '10', 56, 62, 50, 50, 69, 68, 39, 36, 430, 'P', 61.43),
(500479, 'ASHA SAJU', 'MASTER OF COMPUTER APPLICATIONS', '10', 69, 69, 61, 58, 83, 86, 41, 40, 507, 'P', 72.43),
(500480, 'BERNY ANDREW', 'MASTER OF COMPUTER APPLICATIONS', '10', 50, 55, 56, 38, 54, 37, 40, 38, 368, 'F', 52.57),
(500481, 'BOBAN M V', 'MASTER OF COMPUTER APPLICATIONS', '10', 52, 57, 60, 54, 60, 38, 42, 40, 403, 'F', 57.57),
(500482, 'CHRISTIE VARGHESE THOMAS', 'MASTER OF COMPUTER APPLICATIONS', '10', 76, 70, 66, 62, 80, 95, 41, 40, 530, 'P', 75.71),
(500483, 'ELDHO P JOY', 'MASTER OF COMPUTER APPLICATIONS', '10', 61, 64, 54, 51, 79, 89, 42, 38, 478, 'P', 68.29),
(500484, 'FARSANA P  S ', 'MASTER OF COMPUTER APPLICATIONS', '10', 70, 61, 62, 38, 67, 83, 35, 41, 457, 'F', 65.29),
(500485, 'GEETHU SUSAN VARHESE', 'MASTER OF COMPUTER APPLICATIONS', '10', 81, 72, 68, 63, 82, 93, 41, 40, 540, 'P', 77.14),
(500486, 'HALEENA JALEEL B  A ', 'MASTER OF COMPUTER APPLICATIONS', '10', 87, 78, 73, 60, 79, 95, 41, 41, 554, 'P', 79.14),
(500487, 'JIBIN C M ', 'MASTER OF COMPUTER APPLICATIONS', '10', 50, 58, 50, 50, 68, 57, 38, 38, 409, 'P', 58.43),
(500488, 'JOYAL JOSE', 'MASTER OF COMPUTER APPLICATIONS', '10', 55, 62, 63, 56, 75, 58, 39, 39, 447, 'P', 63.86),
(500489, 'KERLIN K BOVAN', 'MASTER OF COMPUTER APPLICATIONS', '10', 69, 60, 51, 50, 61, 59, 38, 40, 428, 'P', 61.14),
(500490, 'LIJO PHILIP', 'MASTER OF COMPUTER APPLICATIONS', '10', 55, 57, 53, 61, 72, 56, 40, 37, 431, 'P', 61.57),
(500491, 'LIYA C ANTO', 'MASTER OF COMPUTER APPLICATIONS', '10', 64, 66, 58, 41, 68, 62, 39, 39, 437, 'F', 62.43),
(500492, 'LIZA TOMY', 'MASTER OF COMPUTER APPLICATIONS', '10', 94, 82, 66, 63, 79, 67, 40, 40, 531, 'P', 75.86),
(500493, 'MARY VARGHESE', 'MASTER OF COMPUTER APPLICATIONS', '10', 75, 72, 69, 50, 85, 79, 38, 40, 508, 'P', 72.57),
(500494, 'MEERA ROSE MATHEW', 'MASTER OF COMPUTER APPLICATIONS', '10', 77, 76, 72, 59, 72, 80, 39, 39, 514, 'P', 73.43),
(500495, 'NASEEHUNISA', 'MASTER OF COMPUTER APPLICATIONS', '10', 77, 81, 78, 67, 88, 76, 39, 42, 548, 'P', 78.29),
(500496, 'NIDHI RACHEL KURIEN', 'MASTER OF COMPUTER APPLICATIONS', '10', 83, 80, 67, 60, 83, 96, 38, 44, 551, 'P', 78.71),
(500497, 'PRAVEEN S BABU', 'MASTER OF COMPUTER APPLICATIONS', '10', 68, 78, 71, 66, 81, 94, 43, 42, 543, 'P', 77.57),
(500498, 'ROSE MATHEW', 'MASTER OF COMPUTER APPLICATIONS', '10', 73, 70, 72, 54, 86, 64, 41, 39, 499, 'P', 71.29),
(500499, 'SAM PRASAD', 'MASTER OF COMPUTER APPLICATIONS', '10', 66, 70, 54, 61, 73, 59, 41, 39, 463, 'P', 66.14),
(500500, 'SANDEEP R  KURUP', 'MASTER OF COMPUTER APPLICATIONS', '10', 81, 67, 66, 71, 75, 94, 43, 40, 537, 'P', 76.71),
(500501, 'SANIA CORREYA', 'MASTER OF COMPUTER APPLICATIONS', '10', 78, 73, 74, 65, 82, 90, 42, 44, 548, 'P', 78.29),
(500502, 'SARAH JOSEPH', 'MASTER OF COMPUTER APPLICATIONS', '10', 84, 78, 81, 69, 84, 83, 41, 44, 564, 'P', 80.57),
(500503, 'SREEDA M  A ', 'MASTER OF COMPUTER APPLICATIONS', '10', 80, 76, 75, 66, 80, 95, 38, 41, 551, 'P', 78.71),
(500504, 'SREEJA SREEKUMAR', 'MASTER OF COMPUTER APPLICATIONS', '10', 66, 65, 57, 52, 52, 50, 39, 41, 422, 'P', 60.29),
(500505, 'SREEKUMAR R', 'MASTER OF COMPUTER APPLICATIONS', '10', 62, 60, 60, 50, 68, 62, 42, 38, 442, 'P', 63.14),
(500506, 'SREERAJ  M N', 'MASTER OF COMPUTER APPLICATIONS', '10', 61, 54, 53, 50, 57, 61, 39, 37, 412, 'P', 58.86),
(500507, 'STEPHY MARIA A  K ', 'MASTER OF COMPUTER APPLICATIONS', '10', 72, 75, 63, 63, 82, 67, 40, 40, 502, 'P', 71.71),
(500508, 'SULU PETER', 'MASTER OF COMPUTER APPLICATIONS', '10', 94, 76, 71, 63, 73, 90, 41, 39, 547, 'P', 78.14),
(500509, 'SUSAN JOHN', 'MASTER OF COMPUTER APPLICATIONS', '10', 89, 73, 55, 55, 69, 70, 39, 40, 490, 'P', 70),
(500510, 'THOMAS JOHN', 'MASTER OF COMPUTER APPLICATIONS', '10', 81, 72, 70, 58, 79, 75, 41, 40, 516, 'P', 73.71),
(500511, 'TIGI GEROGE', 'MASTER OF COMPUTER APPLICATIONS', '10', 63, 57, 60, 50, 64, 56, 40, 38, 428, 'P', 61.14),
(500512, 'TINU PAUL', 'MASTER OF COMPUTER APPLICATIONS', '10', 62, 73, 72, 57, 80, 76, 42, 39, 501, 'P', 71.57),
(500513, 'TREESA KUNCHERIA', 'MASTER OF COMPUTER APPLICATIONS', '10', 80, 67, 56, 59, 81, 73, 42, 40, 498, 'P', 71.14),
(500514, 'VYSAKH P S ', 'MASTER OF COMPUTER APPLICATIONS', '10', 66, 73, 66, 62, 72, 70, 42, 37, 488, 'P', 69.71),
(500515, 'YASAR P I ', 'MASTER OF COMPUTER APPLICATIONS', '10', 54, 68, 52, 55, 71, 94, 41, 40, 475, 'P', 67.86),
(500531, 'ABHIJITH P', 'MASTER OF COMPUTER APPLICATIONS', '11', 80, 83, 64, 50, 72, 81, 39, 33, 502, 'P', 71.71),
(500532, 'AKHIL MOHAN', 'MASTER OF COMPUTER APPLICATIONS', '11', 58, 62, 65, 32, 61, 56, 39, 34, 407, 'F', 58.14),
(500533, 'ANJANA L J', 'MASTER OF COMPUTER APPLICATIONS', '11', 99, 75, 73, 56, 75, 68, 45, 36, 527, 'P', 75.29),
(500534, 'ANJU AUGUSTINE', 'MASTER OF COMPUTER APPLICATIONS', '11', 71, 61, 66, 50, 72, 78, 43, 36, 477, 'P', 68.14),
(500535, 'ANOOP P', 'MASTER OF COMPUTER APPLICATIONS', '11', 70, 67, 71, 56, 76, 37, 43, 43, 463, 'F', 66.14),
(500536, 'ARUN S BABU', 'MASTER OF COMPUTER APPLICATIONS', '11', 78, 67, 70, 40, 60, 65, 41, 40, 461, 'F', 65.86),
(500537, 'ASHURA NAJU P K', 'MASTER OF COMPUTER APPLICATIONS', '11', 73, 66, 65, 50, 57, 70, 40, 36, 457, 'P', 65.29),
(500538, 'ASHWANI MOHAN', 'MASTER OF COMPUTER APPLICATIONS', '11', 70, 73, 71, 55, 69, 54, 38, 45, 475, 'P', 67.86),
(500539, 'ASWATHI P', 'MASTER OF COMPUTER APPLICATIONS', '11', 69, 68, 68, 74, 62, 58, 41, 39, 479, 'P', 68.43),
(500540, 'ASWATHY VIJAYAN', 'MASTER OF COMPUTER APPLICATIONS', '11', 71, 76, 71, 55, 78, 76, 36, 36, 499, 'P', 71.29),
(500541, 'ATHIRA MOHAN', 'MASTER OF COMPUTER APPLICATIONS', '11', 97, 80, 75, 62, 73, 94, 45, 35, 561, 'P', 80.14),
(500542, 'ATHULYA RAJ K', 'MASTER OF COMPUTER APPLICATIONS', '11', 78, 67, 77, 64, 79, 52, 42, 39, 498, 'P', 71.14),
(500543, 'BIBI P BALAN', 'MASTER OF COMPUTER APPLICATIONS', '11', 72, 66, 62, 50, 60, 38, 39, 36, 423, 'F', 60.43),
(500544, 'DONALD JAMES', 'MASTER OF COMPUTER APPLICATIONS', '11', 97, 83, 63, 54, 61, 90, 38, 45, 531, 'P', 75.86),
(500545, 'FATHIMUNNISSA', 'MASTER OF COMPUTER APPLICATIONS', '11', 83, 71, 70, 50, 72, 87, 42, 43, 518, 'P', 74),
(500546, 'HEMA K NAIR', 'MASTER OF COMPUTER APPLICATIONS', '11', 86, 77, 78, 63, 76, 84, 45, 40, 549, 'P', 78.43),
(500547, 'IRISHI KARAN S', 'MASTER OF COMPUTER APPLICATIONS', '11', 34, 51, 63, 40, 50, 56, 41, 38, 373, 'F', 53.29),
(500548, 'JESBRIYADAS K', 'MASTER OF COMPUTER APPLICATIONS', '11', 53, 50, 57, 35, 53, 31, 39, 39, 357, 'F', 51),
(500549, 'JINI JOHNS', 'MASTER OF COMPUTER APPLICATIONS', '11', 74, 76, 72, 54, 69, 96, 43, 37, 521, 'P', 74.43),
(500550, 'JYOTHY YASODARAN', 'MASTER OF COMPUTER APPLICATIONS', '11', 79, 79, 71, 50, 67, 59, 41, 37, 483, 'P', 69),
(500551, 'KESSY KURIAN', 'MASTER OF COMPUTER APPLICATIONS', '11', 96, 85, 83, 59, 78, 93, 45, 36, 575, 'P', 82.14),
(500552, 'LALU G', 'MASTER OF COMPUTER APPLICATIONS', '11', 67, 59, 59, 50, 71, 72, 39, 37, 454, 'P', 64.86),
(500553, 'LAVIN THOMAS', 'MASTER OF COMPUTER APPLICATIONS', '11', 74, 61, 62, 50, 58, 53, 42, 36, 436, 'P', 62.29),
(500554, 'LEKSHMI S  RAJ', 'MASTER OF COMPUTER APPLICATIONS', '11', 91, 74, 82, 62, 79, 87, 42, 37, 554, 'P', 79.14),
(500555, 'LITTY GEORGE', 'MASTER OF COMPUTER APPLICATIONS', '11', 82, 65, 67, 54, 57, 56, 42, 38, 461, 'P', 65.86),
(500556, 'MAHIN AZIZ', 'MASTER OF COMPUTER APPLICATIONS', '11', 70, 65, 68, 10, 64, 58, 43, 38, 416, 'F', 59.43),
(500557, 'MARIA SEBASTIAN', 'MASTER OF COMPUTER APPLICATIONS', '11', 86, 71, 73, 37, 73, 88, 41, 36, 505, 'F', 72.14),
(500558, 'MEENU M', 'MASTER OF COMPUTER APPLICATIONS', '11', 76, 79, 73, 62, 78, 57, 44, 40, 509, 'P', 72.71),
(500559, 'MEGHA S', 'MASTER OF COMPUTER APPLICATIONS', '11', 92, 71, 72, 50, 66, 68, 37, 36, 492, 'P', 70.29),
(500560, 'MELVIN JOSEPH NOOZHYMURIYIL', 'MASTER OF COMPUTER APPLICATIONS', '11', 70, 66, 60, 55, 66, 75, 42, 42, 476, 'P', 68),
(500561, 'MERIN MATHEW', 'MASTER OF COMPUTER APPLICATIONS', '11', 80, 72, 67, 50, 71, 70, 35, 38, 483, 'P', 69),
(500562, 'MIDHULA M S', 'MASTER OF COMPUTER APPLICATIONS', '11', 77, 60, 74, 72, 68, 58, 43, 39, 491, 'P', 70.14),
(500563, 'MIDHUN DAS', 'MASTER OF COMPUTER APPLICATIONS', '11', 94, 77, 80, 68, 73, 98, 45, 40, 575, 'P', 82.14),
(500564, 'MINI R CHANDRAN', 'MASTER OF COMPUTER APPLICATIONS', '11', 82, 66, 76, 50, 65, 59, 33, 38, 469, 'P', 67),
(500565, 'MOHAMMED SHAFEER', 'MASTER OF COMPUTER APPLICATIONS', '11', 89, 76, 66, 58, 59, 92, 44, 40, 524, 'P', 74.86),
(500566, 'MUHAMMAD SHABIN S', 'MASTER OF COMPUTER APPLICATIONS', '11', 74, 73, 80, 56, 72, 58, 37, 38, 488, 'P', 69.71),
(500567, 'MUHAMMED AJMAL TM', 'MASTER OF COMPUTER APPLICATIONS', '11', 89, 70, 67, 50, 64, 71, 32, 38, 481, 'P', 68.71),
(500568, 'MUHAMMED ASLAM', 'MASTER OF COMPUTER APPLICATIONS', '11', 71, 63, 62, 30, 61, 56, 42, 36, 421, 'F', 60.14),
(500569, 'MUHSINA MUHAMMAD', 'MASTER OF COMPUTER APPLICATIONS', '11', 74, 55, 68, 38, 56, 55, 40, 42, 428, 'F', 61.14),
(500570, 'NITHIN P', 'MASTER OF COMPUTER APPLICATIONS', '11', 78, 72, 76, 29, 60, 87, 44, 40, 486, 'F', 69.43),
(500571, 'PRAMILA P', 'MASTER OF COMPUTER APPLICATIONS', '11', 59, 59, 74, 33, 69, 41, 38, 36, 409, 'F', 58.43),
(500572, 'PRASANTH S', 'MASTER OF COMPUTER APPLICATIONS', '11', 58, 70, 68, 50, 60, 64, 41, 36, 447, 'P', 63.86),
(500573, 'RAJALEKSHMY V S', 'MASTER OF COMPUTER APPLICATIONS', '11', 89, 74, 82, 64, 79, 87, 44, 37, 556, 'P', 79.43),
(500574, 'RESHMA C M', 'MASTER OF COMPUTER APPLICATIONS', '11', 61, 50, 67, 35, 55, 41, 38, 40, 387, 'F', 55.29),
(500575, 'RESMI S', 'MASTER OF COMPUTER APPLICATIONS', '11', 92, 74, 77, 62, 76, 87, 42, 37, 547, 'P', 78.14);
INSERT INTO `student` (`regno`, `name`, `course`, `college`, `mca101`, `mca102`, `mca103`, `mca104`, `mca105`, `mca106`, `mca107`, `mca108`, `total`, `pass`, `percent`) VALUES
(500576, 'ROBERT JOSEPH', 'MASTER OF COMPUTER APPLICATIONS', '11', 93, 64, 77, 68, 74, 92, 45, 43, 556, 'P', 79.43),
(500577, 'SHERIN SARA REJEIVE', 'MASTER OF COMPUTER APPLICATIONS', '11', 70, 65, 68, 55, 53, 57, 39, 37, 444, 'P', 63.43),
(500578, 'SILPA K', 'MASTER OF COMPUTER APPLICATIONS', '11', 71, 54, 73, 50, 58, 56, 38, 37, 437, 'P', 62.43),
(500579, 'SMITHA G NATH', 'MASTER OF COMPUTER APPLICATIONS', '11', 70, 51, 66, 50, 50, 56, 43, 36, 422, 'P', 60.29),
(500580, 'SOORAJ S', 'MASTER OF COMPUTER APPLICATIONS', '11', 91, 76, 70, 65, 63, 81, 35, 36, 517, 'P', 73.86),
(500581, 'SOUMYA JOY', 'MASTER OF COMPUTER APPLICATIONS', '11', 71, 65, 62, 50, 54, 67, 38, 40, 447, 'P', 63.86),
(500582, 'SREENATH P RAVINDRAN', 'MASTER OF COMPUTER APPLICATIONS', '11', 50, 63, 74, 50, 37, 37, 42, 36, 389, 'F', 55.57),
(500583, 'SUBAITHA AZEEZ', 'MASTER OF COMPUTER APPLICATIONS', '11', 65, 64, 68, 33, 56, 86, 33, 41, 446, 'F', 63.71),
(500584, 'SURAJ N S', 'MASTER OF COMPUTER APPLICATIONS', '11', 78, 70, 59, 50, 52, 58, 40, 37, 444, 'P', 63.43),
(500585, 'TOM KURIAN', 'MASTER OF COMPUTER APPLICATIONS', '11', 79, 63, 69, 50, 58, 66, 36, 38, 459, 'P', 65.57),
(500586, 'VAISAKH T', 'MASTER OF COMPUTER APPLICATIONS', '11', 88, 77, 77, 58, 71, 86, 43, 36, 536, 'P', 76.57),
(500587, 'VANDANA P M', 'MASTER OF COMPUTER APPLICATIONS', '11', 88, 67, 78, 51, 65, 63, 40, 41, 493, 'P', 70.43),
(500588, 'VANDHANA P R', 'MASTER OF COMPUTER APPLICATIONS', '11', 91, 78, 78, 50, 65, 58, 42, 38, 500, 'P', 71.43),
(500589, 'VINILA L', 'MASTER OF COMPUTER APPLICATIONS', '11', 55, 55, 70, 38, 50, 58, 31, 37, 394, 'F', 56.29),
(500590, 'VISHNU G KURUP', 'MASTER OF COMPUTER APPLICATIONS', '11', 89, 79, 80, 35, 64, 90, 40, 40, 517, 'F', 73.86),
(500611, 'ABDULSHAHID B ', 'MASTER OF COMPUTER APPLICATIONS', '12', 77, 70, 55, 66, 51, 67, 37, 40, 463, 'P', 66.14),
(500612, 'AISWARYA THAMPI', 'MASTER OF COMPUTER APPLICATIONS', '12', 70, 72, 57, 57, 60, 74, 40, 35, 465, 'P', 66.43),
(500613, 'AKHIL SURESH', 'MASTER OF COMPUTER APPLICATIONS', '12', 82, 78, 65, 50, 67, 89, 43, 40, 514, 'P', 73.43),
(500614, 'ASWATHI  K R', 'MASTER OF COMPUTER APPLICATIONS', '12', 80, 59, 54, 56, 53, 76, 38, 40, 456, 'P', 65.14),
(500615, 'BLESSY DAVIS T ', 'MASTER OF COMPUTER APPLICATIONS', '12', 88, 71, 67, 68, 63, 73, 41, 38, 509, 'P', 72.71),
(500616, 'DEEPAK RAJU', 'MASTER OF COMPUTER APPLICATIONS', '12', 85, 80, 60, 77, 54, 92, 45, 35, 528, 'P', 75.43),
(500617, 'GINCE GEORGE', 'MASTER OF COMPUTER APPLICATIONS', '12', 67, 72, 59, 55, 64, 83, 39, 38, 477, 'P', 68.14),
(500618, 'GREESHMA BALACHANDRAN', 'MASTER OF COMPUTER APPLICATIONS', '12', 54, 10, 54, 10, 50, 10, 10, 42, 240, 'F', 34.29),
(500619, 'HESLIN P VARGHESE', 'MASTER OF COMPUTER APPLICATIONS', '12', 55, 61, 60, 66, 55, 73, 42, 35, 447, 'P', 63.86),
(500620, 'JINTO VARGHESE', 'MASTER OF COMPUTER APPLICATIONS', '12', 64, 74, 76, 67, 66, 77, 43, 42, 509, 'P', 72.71),
(500621, 'JOSEMON TOMY', 'MASTER OF COMPUTER APPLICATIONS', '12', 83, 78, 67, 61, 67, 94, 42, 35, 527, 'P', 75.29),
(500622, 'KEERTHANA V NAIR', 'MASTER OF COMPUTER APPLICATIONS', '12', 63, 74, 66, 67, 51, 82, 40, 40, 483, 'P', 69),
(500623, 'KIRAN BABU E S', 'MASTER OF COMPUTER APPLICATIONS', '12', 74, 74, 57, 59, 57, 90, 44, 40, 495, 'P', 70.71),
(500624, 'MIDHILA VELAYUDHAN', 'MASTER OF COMPUTER APPLICATIONS', '12', 51, 58, 66, 50, 57, 76, 35, 38, 431, 'P', 61.57),
(500625, 'NEETHU JOSEPH', 'MASTER OF COMPUTER APPLICATIONS', '12', 64, 66, 62, 53, 68, 75, 36, 35, 459, 'P', 65.57),
(500626, 'NITHA V MURALI', 'MASTER OF COMPUTER APPLICATIONS', '12', 53, 50, 55, 41, 51, 72, 39, 38, 399, 'F', 57),
(500627, 'SIMI ANTONY', 'MASTER OF COMPUTER APPLICATIONS', '12', 67, 56, 65, 51, 67, 75, 41, 38, 460, 'P', 65.71),
(500628, 'SISHITHA  P S', 'MASTER OF COMPUTER APPLICATIONS', '12', 77, 65, 63, 65, 55, 75, 42, 38, 480, 'P', 68.57),
(500641, 'ABHIJITH A M', 'MASTER OF COMPUTER APPLICATIONS', '13', 83, 58, 54, 42, 65, 92, 45, 41, 480, 'F', 68.57),
(500642, 'AMAL DILEEP', 'MASTER OF COMPUTER APPLICATIONS', '13', 59, 67, 65, 42, 50, 73, 48, 31, 435, 'F', 62.14),
(500643, 'AMARNATH K P', 'MASTER OF COMPUTER APPLICATIONS', '13', 87, 70, 58, 38, 70, 89, 42, 38, 492, 'F', 70.29),
(500644, 'ASHIK ROSHEN JOSE', 'MASTER OF COMPUTER APPLICATIONS', '13', 54, 63, 42, 29, 41, 86, 41, 33, 389, 'F', 55.57),
(500645, 'ASHOK P A', 'MASTER OF COMPUTER APPLICATIONS', '13', 70, 73, 53, 42, 61, 77, 41, 33, 450, 'F', 64.29),
(500646, 'ASWATHY GOPI', 'MASTER OF COMPUTER APPLICATIONS', '13', 77, 61, 71, 62, 68, 38, 45, 46, 468, 'F', 66.86),
(500647, 'ASWATHY K R', 'MASTER OF COMPUTER APPLICATIONS', '13', 75, 80, 67, 50, 75, 70, 48, 46, 511, 'P', 73),
(500648, 'ATHIRA JOSHY', 'MASTER OF COMPUTER APPLICATIONS', '13', 71, 81, 74, 59, 53, 65, 46, 42, 491, 'P', 70.14),
(500649, 'BINIL C A', 'MASTER OF COMPUTER APPLICATIONS', '13', 71, 81, 58, 27, 62, 90, 42, 37, 468, 'F', 66.86),
(500650, 'CHINCHU CHACKO', 'MASTER OF COMPUTER APPLICATIONS', '13', 78, 80, 70, 57, 68, 65, 46, 44, 508, 'P', 72.57),
(500651, 'DIJO JOSEPH', 'MASTER OF COMPUTER APPLICATIONS', '13', 75, 73, 54, 25, 37, 86, 39, 37, 426, 'F', 60.86),
(500652, 'DRISHYA HARIDAS', 'MASTER OF COMPUTER APPLICATIONS', '13', 52, 66, 72, 51, 50, 60, 42, 43, 436, 'P', 62.29),
(500653, 'ELDHO PETER', 'MASTER OF COMPUTER APPLICATIONS', '13', 68, 67, 50, 56, 51, 89, 39, 43, 463, 'P', 66.14),
(500654, 'ELDHOSE MATHAI', 'MASTER OF COMPUTER APPLICATIONS', '13', 82, 69, 65, 57, 59, 71, 42, 41, 486, 'P', 69.43),
(500655, 'JACOB VINU A J', 'MASTER OF COMPUTER APPLICATIONS', '13', 84, 81, 63, 57, 67, 83, 46, 36, 517, 'P', 73.86),
(500656, 'JINOMON SATHEESAN', 'MASTER OF COMPUTER APPLICATIONS', '13', 55, 63, 54, 51, 50, 52, 39, 38, 402, 'P', 57.43),
(500657, 'JINS MATHEW', 'MASTER OF COMPUTER APPLICATIONS', '13', 65, 61, 55, 50, 61, 94, 41, 37, 464, 'P', 66.29),
(500658, 'JINSHA M I', 'MASTER OF COMPUTER APPLICATIONS', '13', 67, 77, 67, 61, 66, 90, 40, 45, 513, 'P', 73.29),
(500659, 'JISMON JACOB', 'MASTER OF COMPUTER APPLICATIONS', '13', 69, 71, 59, 41, 50, 85, 46, 35, 456, 'F', 65.14),
(500660, 'JOHN T D', 'MASTER OF COMPUTER APPLICATIONS', '13', 55, 52, 50, 17, 33, 81, 40, 40, 368, 'F', 52.57),
(500661, 'LINJU GEORGE', 'MASTER OF COMPUTER APPLICATIONS', '13', 66, 67, 70, 70, 65, 62, 40, 41, 481, 'P', 68.71),
(500662, 'MATHEWS CHACKO', 'MASTER OF COMPUTER APPLICATIONS', '13', 92, 82, 70, 62, 65, 94, 47, 45, 557, 'P', 79.57),
(500663, 'MEERA UNNI', 'MASTER OF COMPUTER APPLICATIONS', '13', 84, 85, 74, 61, 77, 95, 44, 47, 567, 'P', 81),
(500664, 'MIDHUN MOHAN N', 'MASTER OF COMPUTER APPLICATIONS', '13', 78, 74, 64, 50, 51, 84, 42, 43, 486, 'P', 69.43),
(500665, 'MIDHUN RAJ N R', 'MASTER OF COMPUTER APPLICATIONS', '13', 70, 72, 67, 63, 66, 89, 41, 41, 509, 'P', 72.71),
(500666, 'MUHAMMED THANVEER P U', 'MASTER OF COMPUTER APPLICATIONS', '13', 85, 75, 63, 57, 70, 91, 46, 34, 521, 'P', 74.43),
(500667, 'NITHA M GEORGE', 'MASTER OF COMPUTER APPLICATIONS', '13', 68, 72, 72, 64, 58, 82, 41, 38, 495, 'P', 70.71),
(500668, 'PRAMEESH P P', 'MASTER OF COMPUTER APPLICATIONS', '13', 61, 76, 63, 58, 54, 62, 47, 36, 457, 'P', 65.29),
(500669, 'RAHUL RAJ', 'MASTER OF COMPUTER APPLICATIONS', '13', 67, 66, 62, 58, 54, 62, 40, 39, 448, 'P', 64),
(500670, 'RAJASREE R NAIR', 'MASTER OF COMPUTER APPLICATIONS', '13', 86, 65, 75, 73, 69, 60, 44, 40, 512, 'P', 73.14),
(500671, 'REKHA VASU', 'MASTER OF COMPUTER APPLICATIONS', '13', 81, 69, 75, 50, 70, 92, 40, 41, 518, 'P', 74),
(500672, 'RESHMA THOMAS', 'MASTER OF COMPUTER APPLICATIONS', '13', 75, 78, 75, 34, 62, 61, 39, 38, 462, 'F', 66),
(500673, 'ROHITH RAJAN', 'MASTER OF COMPUTER APPLICATIONS', '13', 58, 69, 67, 50, 53, 82, 46, 33, 458, 'P', 65.43),
(500674, 'SANDINI K S', 'MASTER OF COMPUTER APPLICATIONS', '13', 37, 65, 66, 50, 45, 59, 45, 44, 411, 'F', 58.71),
(500675, 'SARANYA RAMADAS', 'MASTER OF COMPUTER APPLICATIONS', '13', 83, 68, 67, 54, 74, 91, 45, 40, 522, 'P', 74.57),
(500676, 'SHALU P G', 'MASTER OF COMPUTER APPLICATIONS', '13', 53, 55, 68, 55, 59, 61, 44, 40, 435, 'P', 62.14),
(500677, 'SHARON VARGHESE', 'MASTER OF COMPUTER APPLICATIONS', '13', 60, 72, 68, 61, 69, 89, 46, 40, 505, 'P', 72.14),
(500678, 'SHIV PRASAD T M', 'MASTER OF COMPUTER APPLICATIONS', '13', 64, 50, 68, 55, 50, 78, 45, 43, 453, 'P', 64.71),
(500679, 'SIDDHU V S', 'MASTER OF COMPUTER APPLICATIONS', '13', 57, 50, 58, 33, 31, 60, 41, 37, 367, 'F', 52.43),
(500680, 'SREEJA V S', 'MASTER OF COMPUTER APPLICATIONS', '13', 50, 50, 55, 50, 50, 42, 39, 39, 375, 'F', 53.57),
(500681, 'SRUTHY K M', 'MASTER OF COMPUTER APPLICATIONS', '13', 54, 60, 53, 52, 28, 59, 39, 39, 384, 'F', 54.86),
(500682, 'SUDHA T', 'MASTER OF COMPUTER APPLICATIONS', '13', 73, 72, 73, 69, 74, 94, 45, 42, 542, 'P', 77.43),
(500683, 'UNNIKRISHNAN P', 'MASTER OF COMPUTER APPLICATIONS', '13', 58, 66, 67, 43, 50, 75, 43, 39, 441, 'F', 63),
(500684, 'VASANTH KUMAR H', 'MASTER OF COMPUTER APPLICATIONS', '13', 93, 79, 72, 50, 55, 63, 41, 42, 495, 'P', 70.71),
(500751, 'ABIN TOM LUKOSE', 'MASTER OF COMPUTER APPLICATIONS', '14', 30, 37, 53, 59, 34, 55, 34, 38, 340, 'F', 48.57),
(500752, 'AKASH JOSE', 'MASTER OF COMPUTER APPLICATIONS', '14', 64, 77, 72, 66, 75, 93, 41, 42, 530, 'P', 75.71),
(500753, 'AKHIL M', 'MASTER OF COMPUTER APPLICATIONS', '14', 66, 59, 61, 60, 50, 88, 37, 39, 460, 'P', 65.71),
(500754, 'AKHIL THOMAS', 'MASTER OF COMPUTER APPLICATIONS', '14', 57, 65, 65, 69, 50, 62, 35, 37, 440, 'P', 62.86),
(500755, 'AKHILESH BABU', 'MASTER OF COMPUTER APPLICATIONS', '14', 50, 51, 58, 58, 50, 63, 37, 39, 406, 'P', 58),
(500756, 'ANGELA MANUEL', 'MASTER OF COMPUTER APPLICATIONS', '14', 85, 78, 59, 75, 64, 61, 39, 40, 501, 'P', 71.57),
(500757, 'ANITTA MARIA MATHEW', 'MASTER OF COMPUTER APPLICATIONS', '14', 75, 67, 61, 69, 57, 59, 36, 39, 463, 'P', 66.14),
(500758, 'ANJU B NAIR', 'MASTER OF COMPUTER APPLICATIONS', '14', 75, 72, 50, 65, 50, 69, 38, 40, 459, 'P', 65.57),
(500759, 'ARJUN RAM SANKAR', 'MASTER OF COMPUTER APPLICATIONS', '14', 65, 72, 71, 77, 52, 82, 43, 40, 502, 'P', 71.71),
(500760, 'ASWATHY P S', 'MASTER OF COMPUTER APPLICATIONS', '14', 85, 85, 82, 80, 87, 94, 41, 46, 600, 'P', 85.71),
(500761, 'ATHIRA S NAIR', 'MASTER OF COMPUTER APPLICATIONS', '14', 74, 65, 59, 63, 66, 90, 36, 40, 493, 'P', 70.43),
(500762, 'ATHIRA V MOHAN', 'MASTER OF COMPUTER APPLICATIONS', '14', 69, 72, 71, 84, 70, 65, 38, 40, 509, 'P', 72.71),
(500763, 'DHANIL DAS M', 'MASTER OF COMPUTER APPLICATIONS', '14', 65, 67, 63, 72, 78, 89, 38, 39, 511, 'P', 73),
(500764, 'DONA MARIA THOMAS', 'MASTER OF COMPUTER APPLICATIONS', '14', 78, 70, 81, 75, 79, 83, 37, 39, 542, 'P', 77.43),
(500765, 'EBIN THOMAS', 'MASTER OF COMPUTER APPLICATIONS', '14', 75, 80, 84, 77, 81, 90, 38, 42, 567, 'P', 81),
(500766, 'GEORGEKUTTY JOSEPH', 'MASTER OF COMPUTER APPLICATIONS', '14', 84, 63, 71, 75, 78, 93, 36, 41, 541, 'P', 77.29),
(500767, 'JERIN THOMAS', 'MASTER OF COMPUTER APPLICATIONS', '14', 70, 68, 74, 71, 71, 75, 36, 37, 502, 'P', 71.71),
(500768, 'JIBIN THOMAS', 'MASTER OF COMPUTER APPLICATIONS', '14', 54, 70, 82, 81, 81, 74, 35, 38, 515, 'P', 73.57),
(500769, 'JOMY JOSE', 'MASTER OF COMPUTER APPLICATIONS', '14', 58, 64, 73, 50, 68, 65, 34, 39, 451, 'P', 64.43),
(500770, 'JOSEKUTTY N JOSEPH', 'MASTER OF COMPUTER APPLICATIONS', '14', 81, 76, 71, 68, 81, 71, 35, 38, 521, 'P', 74.43),
(500771, 'KARTHIKA VIJAYAN', 'MASTER OF COMPUTER APPLICATIONS', '14', 91, 78, 65, 56, 77, 67, 36, 38, 508, 'P', 72.57),
(500772, 'KIRAN SEBASTIAN', 'MASTER OF COMPUTER APPLICATIONS', '14', 84, 84, 78, 55, 80, 66, 38, 42, 527, 'P', 75.29),
(500773, 'KUKKU V NAIR', 'MASTER OF COMPUTER APPLICATIONS', '14', 64, 73, 75, 63, 83, 64, 36, 43, 501, 'P', 71.57),
(500774, 'LIGI SHAJI', 'MASTER OF COMPUTER APPLICATIONS', '14', 74, 68, 68, 53, 68, 70, 35, 39, 475, 'P', 67.86),
(500775, 'MANU JOHN', 'MASTER OF COMPUTER APPLICATIONS', '14', 73, 83, 79, 50, 82, 86, 36, 40, 529, 'P', 75.57),
(500776, 'MIDHUN JOSE', 'MASTER OF COMPUTER APPLICATIONS', '14', 64, 69, 62, 51, 73, 64, 35, 38, 456, 'P', 65.14),
(500777, 'NIBU THOMAS', 'MASTER OF COMPUTER APPLICATIONS', '14', 76, 77, 84, 59, 84, 82, 38, 39, 539, 'P', 77),
(500778, 'NINOSHA BENNY', 'MASTER OF COMPUTER APPLICATIONS', '14', 95, 85, 66, 50, 78, 77, 35, 38, 524, 'P', 74.86),
(500779, 'PRATHIBHA PADMAKUMAR', 'MASTER OF COMPUTER APPLICATIONS', '14', 74, 71, 63, 51, 76, 65, 35, 37, 472, 'P', 67.43),
(500780, 'PRIYANKA JOHN', 'MASTER OF COMPUTER APPLICATIONS', '14', 59, 72, 63, 50, 68, 69, 40, 40, 461, 'P', 65.86),
(500781, 'RAKESH MOHAN', 'MASTER OF COMPUTER APPLICATIONS', '14', 73, 70, 56, 50, 81, 90, 39, 41, 500, 'P', 71.43),
(500782, 'RENISH KURIAN', 'MASTER OF COMPUTER APPLICATIONS', '14', 79, 74, 66, 51, 81, 87, 39, 41, 518, 'P', 74),
(500783, 'RESHMA JOSEPH', 'MASTER OF COMPUTER APPLICATIONS', '14', 92, 77, 68, 55, 81, 75, 36, 40, 524, 'P', 74.86),
(500784, 'RIJO JOHN', 'MASTER OF COMPUTER APPLICATIONS', '14', 81, 70, 64, 58, 67, 62, 35, 41, 478, 'P', 68.29),
(500785, 'RONY RAJU', 'MASTER OF COMPUTER APPLICATIONS', '14', 10, 10, 10, 10, 10, 10, 10, 42, 112, 'F', 16),
(500786, 'ROSHNI JOSEPH', 'MASTER OF COMPUTER APPLICATIONS', '14', 89, 83, 74, 65, 77, 77, 37, 40, 542, 'P', 77.43),
(500787, 'SACHIN KUMAR S', 'MASTER OF COMPUTER APPLICATIONS', '14', 94, 84, 84, 72, 83, 86, 41, 43, 587, 'P', 83.86),
(500788, 'SAJIN SADASIVAN', 'MASTER OF COMPUTER APPLICATIONS', '14', 58, 63, 64, 55, 61, 64, 34, 39, 438, 'P', 62.57),
(500789, 'SEBIN T THOMAS', 'MASTER OF COMPUTER APPLICATIONS', '14', 70, 70, 76, 55, 70, 78, 35, 39, 493, 'P', 70.43),
(500790, 'SETNA FRANCIS', 'MASTER OF COMPUTER APPLICATIONS', '14', 84, 71, 80, 69, 83, 72, 37, 40, 536, 'P', 76.57),
(500791, 'SHAINY SEBASTIAN', 'MASTER OF COMPUTER APPLICATIONS', '14', 84, 84, 89, 71, 88, 71, 39, 42, 568, 'P', 81.14),
(500792, 'SHEHBIN SALIM', 'MASTER OF COMPUTER APPLICATIONS', '14', 92, 79, 77, 65, 79, 70, 42, 42, 546, 'P', 78),
(500793, 'SHILPA PRADEEP', 'MASTER OF COMPUTER APPLICATIONS', '14', 84, 66, 77, 61, 73, 76, 38, 41, 516, 'P', 73.71),
(500794, 'SMITHA M VARGHESE', 'MASTER OF COMPUTER APPLICATIONS', '14', 63, 77, 81, 68, 82, 84, 36, 39, 530, 'P', 75.71),
(500795, 'SREEKANTH S', 'MASTER OF COMPUTER APPLICATIONS', '14', 92, 74, 80, 65, 86, 88, 39, 46, 570, 'P', 81.43),
(500796, 'SRUTHY THOMAS', 'MASTER OF COMPUTER APPLICATIONS', '14', 97, 84, 84, 72, 84, 86, 39, 39, 585, 'P', 83.57),
(500797, 'SUBHA P SASI', 'MASTER OF COMPUTER APPLICATIONS', '14', 94, 73, 79, 68, 77, 86, 38, 40, 555, 'P', 79.29),
(500798, 'TOM THOMAS', 'MASTER OF COMPUTER APPLICATIONS', '14', 78, 59, 56, 50, 74, 87, 37, 38, 479, 'P', 68.43),
(500799, 'VINEESHA VISWAN', 'MASTER OF COMPUTER APPLICATIONS', '14', 60, 68, 68, 56, 74, 62, 35, 39, 462, 'P', 66),
(500811, 'ACHYUTH S', 'MASTER OF COMPUTER APPLICATIONS', '15', 78, 65, 61, 53, 67, 68, 40, 37, 469, 'P', 67),
(500812, 'ADRA PRATHAPAN', 'MASTER OF COMPUTER APPLICATIONS', '15', 64, 76, 56, 51, 57, 55, 36, 39, 434, 'P', 62),
(500813, 'AMAL K DEV', 'MASTER OF COMPUTER APPLICATIONS', '15', 82, 77, 67, 67, 50, 63, 43, 37, 486, 'P', 69.43),
(500814, 'ANILKUMAR U MENON', 'MASTER OF COMPUTER APPLICATIONS', '15', 79, 74, 62, 57, 66, 75, 49, 39, 501, 'P', 71.57),
(500815, 'ANIMOL K G', 'MASTER OF COMPUTER APPLICATIONS', '15', 84, 79, 67, 65, 72, 86, 47, 37, 537, 'P', 76.71),
(500816, 'ANUJ A NAIR', 'MASTER OF COMPUTER APPLICATIONS', '15', 53, 57, 54, 50, 50, 35, 35, 37, 371, 'F', 53),
(500817, 'ANUROOP S', 'MASTER OF COMPUTER APPLICATIONS', '15', 69, 63, 51, 54, 59, 10, 10, 42, 358, 'F', 51.14),
(500818, 'ASHITHA GOSH P A', 'MASTER OF COMPUTER APPLICATIONS', '15', 72, 83, 81, 80, 79, 82, 38, 39, 554, 'P', 79.14),
(500819, 'ASWATHY K BABU', 'MASTER OF COMPUTER APPLICATIONS', '15', 60, 74, 69, 67, 74, 74, 41, 42, 501, 'P', 71.57),
(500820, 'BHAVYA P S', 'MASTER OF COMPUTER APPLICATIONS', '15', 59, 76, 65, 57, 68, 64, 40, 39, 468, 'P', 66.86),
(500821, 'CHINCHU C VIJAYAN', 'MASTER OF COMPUTER APPLICATIONS', '15', 86, 84, 71, 64, 77, 83, 47, 38, 550, 'P', 78.57),
(500822, 'CHINCHU JOSEPH', 'MASTER OF COMPUTER APPLICATIONS', '15', 66, 73, 70, 54, 68, 63, 42, 39, 475, 'P', 67.86),
(500823, 'CHITHIRA S KUMAR', 'MASTER OF COMPUTER APPLICATIONS', '15', 68, 73, 61, 59, 72, 87, 41, 40, 501, 'P', 71.57),
(500824, 'CLINDA VARGHESE', 'MASTER OF COMPUTER APPLICATIONS', '15', 70, 70, 70, 68, 74, 72, 41, 42, 507, 'P', 72.43),
(500825, 'DEEPTHI DINESH', 'MASTER OF COMPUTER APPLICATIONS', '15', 63, 71, 69, 62, 71, 56, 38, 40, 470, 'P', 67.14),
(500826, 'DHANYA PAUL', 'MASTER OF COMPUTER APPLICATIONS', '15', 84, 76, 61, 64, 77, 80, 41, 42, 525, 'P', 75),
(500827, 'DIVYA K DEVARAJ', 'MASTER OF COMPUTER APPLICATIONS', '15', 61, 75, 62, 62, 10, 53, 40, 40, 403, 'F', 57.57),
(500828, 'ELDHO PAUL', 'MASTER OF COMPUTER APPLICATIONS', '15', 50, 73, 64, 60, 66, 69, 43, 37, 462, 'P', 66),
(500829, 'HARITHA V V', 'MASTER OF COMPUTER APPLICATIONS', '15', 80, 73, 72, 71, 67, 94, 40, 40, 537, 'P', 76.71),
(500830, 'JANET SUSAN CHERIAN', 'MASTER OF COMPUTER APPLICATIONS', '15', 62, 79, 69, 57, 54, 70, 48, 42, 481, 'P', 68.71),
(500831, 'JISS ELSA MATHEW', 'MASTER OF COMPUTER APPLICATIONS', '15', 75, 79, 77, 70, 62, 76, 48, 41, 528, 'P', 75.43),
(500832, 'JITH JOB K I', 'MASTER OF COMPUTER APPLICATIONS', '15', 71, 65, 68, 65, 53, 86, 48, 37, 493, 'P', 70.43),
(500833, 'JOJO MICHAEL', 'MASTER OF COMPUTER APPLICATIONS', '15', 75, 62, 51, 55, 50, 76, 38, 36, 443, 'P', 63.29),
(500834, 'JOMY JOSEPH', 'MASTER OF COMPUTER APPLICATIONS', '15', 72, 71, 67, 58, 63, 78, 39, 40, 488, 'P', 69.71),
(500835, 'JUNO JOSE', 'MASTER OF COMPUTER APPLICATIONS', '15', 52, 77, 66, 66, 75, 71, 42, 43, 492, 'P', 70.29),
(500836, 'KAVYA HARIDAS', 'MASTER OF COMPUTER APPLICATIONS', '15', 10, 10, 10, 10, 10, 10, 10, 48, 118, 'F', 16.86),
(500837, 'KRISHNA PRIYA C S', 'MASTER OF COMPUTER APPLICATIONS', '15', 50, 73, 57, 51, 50, 65, 36, 40, 422, 'P', 60.29),
(500838, 'LAKSHMI V NAIR', 'MASTER OF COMPUTER APPLICATIONS', '15', 76, 70, 73, 65, 59, 59, 42, 47, 491, 'P', 70.14),
(500839, 'LIBIN IBRAHIM', 'MASTER OF COMPUTER APPLICATIONS', '15', 52, 65, 69, 58, 55, 56, 39, 36, 430, 'P', 61.43),
(500840, 'LIYA CHERIYACHAN', 'MASTER OF COMPUTER APPLICATIONS', '15', 62, 70, 66, 52, 50, 69, 41, 41, 451, 'P', 64.43),
(500841, 'MAMATHA K P', 'MASTER OF COMPUTER APPLICATIONS', '15', 61, 70, 70, 60, 57, 87, 49, 43, 497, 'P', 71),
(500842, 'MANU T M', 'MASTER OF COMPUTER APPLICATIONS', '15', 57, 61, 58, 57, 50, 61, 44, 36, 424, 'P', 60.57),
(500843, 'MARIYA JOHN', 'MASTER OF COMPUTER APPLICATIONS', '15', 81, 82, 79, 73, 67, 92, 41, 42, 557, 'P', 79.57),
(500844, 'MARTIN JOHNSON', 'MASTER OF COMPUTER APPLICATIONS', '15', 26, 56, 55, 56, 40, 47, 48, 37, 365, 'F', 52.14),
(500845, 'MATHEW SIBIN JOSEPH', 'MASTER OF COMPUTER APPLICATIONS', '15', 74, 73, 64, 57, 51, 76, 43, 37, 475, 'P', 67.86),
(500846, 'NEETHU JOSEPH', 'MASTER OF COMPUTER APPLICATIONS', '15', 57, 76, 65, 72, 66, 80, 41, 40, 497, 'P', 71),
(500847, 'NEETHU PAUL', 'MASTER OF COMPUTER APPLICATIONS', '15', 75, 75, 61, 58, 56, 73, 40, 42, 480, 'P', 68.57),
(500848, 'NELSON JOY', 'MASTER OF COMPUTER APPLICATIONS', '15', 60, 71, 62, 54, 57, 57, 44, 37, 442, 'P', 63.14),
(500849, 'NIDHIN MANOHAR', 'MASTER OF COMPUTER APPLICATIONS', '15', 62, 65, 72, 52, 39, 52, 41, 37, 420, 'F', 60),
(500850, 'NIKHIL RAVEENDRANATH M', 'MASTER OF COMPUTER APPLICATIONS', '15', 60, 73, 59, 56, 53, 53, 39, 39, 432, 'P', 61.71),
(500851, 'NIKHITHA ALEX', 'MASTER OF COMPUTER APPLICATIONS', '15', 50, 60, 50, 42, 56, 74, 39, 43, 414, 'F', 59.14),
(500852, 'NIVYA K M', 'MASTER OF COMPUTER APPLICATIONS', '15', 57, 73, 67, 61, 55, 67, 40, 42, 462, 'P', 66),
(500853, 'REMYA THOMAS', 'MASTER OF COMPUTER APPLICATIONS', '15', 91, 85, 78, 62, 70, 98, 42, 41, 567, 'P', 81),
(500854, 'REVATHI K K', 'MASTER OF COMPUTER APPLICATIONS', '15', 60, 74, 68, 52, 64, 68, 40, 41, 467, 'P', 66.71),
(500855, 'SEETHAL SREEKUMAR', 'MASTER OF COMPUTER APPLICATIONS', '15', 43, 70, 67, 51, 50, 58, 37, 41, 417, 'F', 59.57),
(500856, 'SHALIN SAMUEL', 'MASTER OF COMPUTER APPLICATIONS', '15', 66, 76, 78, 59, 57, 75, 41, 43, 495, 'P', 70.71),
(500857, 'SHALU P SHAJAN', 'MASTER OF COMPUTER APPLICATIONS', '15', 67, 78, 69, 54, 50, 87, 42, 38, 485, 'P', 69.29),
(500858, 'SHINEY P ALEXANDER', 'MASTER OF COMPUTER APPLICATIONS', '15', 71, 69, 68, 63, 51, 88, 42, 41, 493, 'P', 70.43),
(500859, 'SIMI SOMAN', 'MASTER OF COMPUTER APPLICATIONS', '15', 92, 86, 73, 74, 65, 58, 39, 41, 528, 'P', 75.43),
(500860, 'SONU JAMES P J', 'MASTER OF COMPUTER APPLICATIONS', '15', 73, 72, 72, 59, 67, 59, 41, 42, 485, 'P', 69.29),
(500861, 'SONU SOMAN', 'MASTER OF COMPUTER APPLICATIONS', '15', 50, 64, 64, 60, 55, 87, 49, 37, 466, 'P', 66.57),
(500862, 'SREESHA BHAGYANATH', 'MASTER OF COMPUTER APPLICATIONS', '15', 87, 78, 79, 82, 65, 94, 48, 48, 581, 'P', 83),
(500863, 'SUMESWARY M S', 'MASTER OF COMPUTER APPLICATIONS', '15', 73, 76, 70, 50, 61, 64, 42, 41, 477, 'P', 68.14),
(500864, 'SUNITHA PAUL', 'MASTER OF COMPUTER APPLICATIONS', '15', 68, 68, 61, 54, 58, 81, 39, 40, 469, 'P', 67),
(500865, 'TINU JOS K', 'MASTER OF COMPUTER APPLICATIONS', '15', 63, 74, 68, 63, 58, 86, 47, 35, 494, 'P', 70.57),
(500866, 'VALERINE MARIA MENDEZ', 'MASTER OF COMPUTER APPLICATIONS', '15', 73, 72, 76, 57, 57, 97, 48, 42, 522, 'P', 74.57),
(500867, 'VIBIN V', 'MASTER OF COMPUTER APPLICATIONS', '15', 58, 63, 62, 59, 41, 62, 41, 35, 421, 'F', 60.14),
(500881, 'AANCHAL JOSEPH', 'MASTER OF COMPUTER APPLICATIONS', '16', 0, 0, 0, 0, 0, 0, 0, 0, 0, 'F', 0),
(500882, 'AJEELA MOIDEEN', 'MASTER OF COMPUTER APPLICATIONS', '16', 76, 74, 75, 65, 51, 92, 45, 43, 521, 'P', 74.43),
(500883, 'AKHILA S KRISHNAN', 'MASTER OF COMPUTER APPLICATIONS', '16', 86, 67, 70, 60, 51, 57, 44, 40, 475, 'P', 67.86),
(500884, 'AMRUTHA RAMESAN', 'MASTER OF COMPUTER APPLICATIONS', '16', 51, 54, 65, 41, 41, 52, 40, 40, 384, 'F', 54.86),
(500885, 'ANJU SUNU', 'MASTER OF COMPUTER APPLICATIONS', '16', 70, 67, 72, 68, 57, 59, 43, 40, 476, 'P', 68),
(500886, 'ANN MARIA JOSEPH', 'MASTER OF COMPUTER APPLICATIONS', '16', 74, 67, 74, 67, 55, 65, 40, 41, 483, 'P', 69),
(500887, 'ANU ANTONY', 'MASTER OF COMPUTER APPLICATIONS', '16', 65, 71, 65, 61, 60, 53, 42, 40, 457, 'P', 65.29),
(500888, 'ARATHY R', 'MASTER OF COMPUTER APPLICATIONS', '16', 70, 78, 75, 66, 51, 61, 45, 42, 488, 'P', 69.71),
(500889, 'DIVYA SUKUMARAN', 'MASTER OF COMPUTER APPLICATIONS', '16', 68, 57, 68, 66, 50, 59, 39, 40, 447, 'P', 63.86),
(500890, 'JEENA K JOHNACHAN', 'MASTER OF COMPUTER APPLICATIONS', '16', 77, 65, 74, 71, 50, 70, 37, 41, 485, 'P', 69.29),
(500891, 'JILY KURIAKOSE', 'MASTER OF COMPUTER APPLICATIONS', '16', 82, 77, 71, 76, 58, 79, 43, 43, 529, 'P', 75.57),
(500892, 'LAKSHMIPRIYA C S', 'MASTER OF COMPUTER APPLICATIONS', '16', 75, 69, 83, 74, 58, 93, 44, 41, 537, 'P', 76.71),
(500893, 'NIMISHA THOMAS', 'MASTER OF COMPUTER APPLICATIONS', '16', 77, 57, 81, 59, 55, 91, 39, 40, 499, 'P', 71.29),
(500894, 'NISHA ANNIE JOHN', 'MASTER OF COMPUTER APPLICATIONS', '16', 59, 50, 73, 70, 50, 67, 37, 40, 446, 'P', 63.71),
(500895, 'PREETHI S', 'MASTER OF COMPUTER APPLICATIONS', '16', 75, 74, 72, 65, 58, 89, 39, 40, 512, 'P', 73.14),
(500896, 'RITTY ANTONY', 'MASTER OF COMPUTER APPLICATIONS', '16', 75, 53, 69, 63, 53, 59, 41, 40, 453, 'P', 64.71),
(500897, 'SISBIRAM S', 'MASTER OF COMPUTER APPLICATIONS', '16', 62, 54, 65, 58, 58, 88, 39, 41, 465, 'P', 66.43),
(500898, 'SOORYA G S', 'MASTER OF COMPUTER APPLICATIONS', '16', 77, 66, 82, 80, 63, 62, 40, 40, 510, 'P', 72.86),
(500899, 'SRUTHI P', 'MASTER OF COMPUTER APPLICATIONS', '16', 78, 78, 83, 82, 59, 94, 45, 43, 562, 'P', 80.29),
(500900, 'SWETHA S MENON', 'MASTER OF COMPUTER APPLICATIONS', '16', 60, 53, 69, 56, 52, 76, 41, 41, 448, 'P', 64),
(500901, 'TRESA DIVYA T P', 'MASTER OF COMPUTER APPLICATIONS', '16', 89, 69, 64, 59, 59, 93, 43, 42, 518, 'P', 74),
(500951, 'ANAT JAMES', 'MASTER OF COMPUTER APPLICATIONS', '17', 82, 87, 78, 80, 76, 84, 36, 47, 570, 'P', 81.43),
(500952, 'ANEESH A', 'MASTER OF COMPUTER APPLICATIONS', '17', 70, 77, 77, 58, 68, 80, 42, 44, 516, 'P', 73.71),
(500953, 'ANEESH KURIAN', 'MASTER OF COMPUTER APPLICATIONS', '17', 75, 79, 62, 64, 62, 80, 38, 45, 505, 'P', 72.14),
(500954, 'ANILA MOHANAN', 'MASTER OF COMPUTER APPLICATIONS', '17', 87, 83, 65, 67, 78, 86, 45, 45, 556, 'P', 79.43),
(500955, 'ANJALI RAJENDRAN', 'MASTER OF COMPUTER APPLICATIONS', '17', 78, 85, 74, 58, 77, 79, 43, 38, 532, 'P', 76),
(500956, 'ANSON ANTONY', 'MASTER OF COMPUTER APPLICATIONS', '17', 72, 74, 72, 55, 69, 57, 39, 36, 474, 'P', 67.71),
(500957, 'ATHULYA JOSE', 'MASTER OF COMPUTER APPLICATIONS', '17', 55, 70, 63, 58, 70, 50, 40, 36, 442, 'P', 63.14),
(500958, 'GREESHMA M M', 'MASTER OF COMPUTER APPLICATIONS', '17', 84, 82, 83, 75, 81, 84, 44, 37, 570, 'P', 81.43),
(500959, 'HANCY JOHNSON', 'MASTER OF COMPUTER APPLICATIONS', '17', 82, 84, 75, 79, 79, 83, 38, 38, 558, 'P', 79.71),
(500960, 'HELAN SHAJI', 'MASTER OF COMPUTER APPLICATIONS', '17', 65, 60, 62, 54, 64, 75, 34, 37, 451, 'P', 64.43),
(500961, 'JEKSON  P J', 'MASTER OF COMPUTER APPLICATIONS', '17', 61, 75, 69, 26, 66, 83, 39, 32, 451, 'F', 64.43),
(500962, 'JENROSE JENSON', 'MASTER OF COMPUTER APPLICATIONS', '17', 77, 80, 77, 62, 75, 84, 40, 42, 537, 'P', 76.71),
(500963, 'JERIN JOHNY', 'MASTER OF COMPUTER APPLICATIONS', '17', 59, 65, 70, 70, 65, 77, 44, 35, 485, 'P', 69.29),
(500964, 'JITHIN JOHN', 'MASTER OF COMPUTER APPLICATIONS', '17', 63, 67, 61, 68, 54, 80, 38, 32, 463, 'P', 66.14),
(500965, 'JOSNA JOSEPH', 'MASTER OF COMPUTER APPLICATIONS', '17', 69, 77, 73, 66, 73, 67, 44, 45, 514, 'P', 73.43),
(500966, 'KUKKU JOY', 'MASTER OF COMPUTER APPLICATIONS', '17', 60, 62, 73, 60, 68, 54, 33, 37, 447, 'P', 63.86),
(500967, 'MELROSE FRANCIS', 'MASTER OF COMPUTER APPLICATIONS', '17', 69, 80, 77, 62, 70, 79, 38, 38, 513, 'P', 73.29),
(500968, 'MIBYMOL T T', 'MASTER OF COMPUTER APPLICATIONS', '17', 53, 71, 64, 50, 57, 74, 39, 37, 445, 'P', 63.57),
(500969, 'NEETHU T  R', 'MASTER OF COMPUTER APPLICATIONS', '17', 66, 79, 75, 70, 74, 80, 36, 41, 521, 'P', 74.43),
(500971, 'RENY JACOB', 'MASTER OF COMPUTER APPLICATIONS', '17', 73, 77, 59, 53, 57, 79, 39, 48, 485, 'P', 69.29),
(500972, 'RESHMA RADHAKRISHNAN', 'MASTER OF COMPUTER APPLICATIONS', '17', 65, 87, 73, 62, 77, 73, 43, 44, 524, 'P', 74.86),
(500973, 'RESHMA  T M', 'MASTER OF COMPUTER APPLICATIONS', '17', 70, 71, 63, 64, 72, 83, 37, 37, 497, 'P', 71),
(500974, 'RITHU ANTO', 'MASTER OF COMPUTER APPLICATIONS', '17', 66, 77, 71, 56, 66, 76, 40, 44, 496, 'P', 70.86),
(500975, 'SHERVIN P CYRIL', 'MASTER OF COMPUTER APPLICATIONS', '17', 82, 86, 75, 70, 66, 81, 43, 32, 535, 'P', 76.43),
(500976, 'SILPA MADHUSUDANAN', 'MASTER OF COMPUTER APPLICATIONS', '17', 94, 87, 68, 73, 83, 83, 46, 49, 583, 'P', 83.29),
(500977, 'TINU THOMAS', 'MASTER OF COMPUTER APPLICATIONS', '17', 73, 62, 52, 50, 67, 71, 47, 32, 454, 'P', 64.86),
(500978, 'VINNYA JOHNSON', 'MASTER OF COMPUTER APPLICATIONS', '17', 72, 79, 76, 64, 75, 81, 43, 48, 538, 'P', 76.86),
(500979, 'VINU XAVIOUR', 'MASTER OF COMPUTER APPLICATIONS', '17', 62, 77, 68, 27, 72, 82, 39, 32, 459, 'F', 65.57),
(500980, 'VIPINKUMAR M', 'MASTER OF COMPUTER APPLICATIONS', '17', 52, 50, 51, 31, 54, 54, 34, 36, 362, 'F', 51.71),
(501001, 'AMAL JOSE', 'MASTER OF COMPUTER APPLICATIONS', '18', 63, 69, 68, 53, 61, 85, 42, 40, 481, 'P', 68.71),
(501002, 'ASHITHA J HARISON', 'MASTER OF COMPUTER APPLICATIONS', '18', 10, 19, 53, 10, 50, 82, 38, 40, 302, 'F', 43.14),
(501003, 'JUBEL KURIAKOSE', 'MASTER OF COMPUTER APPLICATIONS', '18', 67, 67, 64, 52, 59, 95, 46, 38, 488, 'P', 69.71),
(501004, 'MARY RAKHI  P  A', 'MASTER OF COMPUTER APPLICATIONS', '18', 60, 59, 56, 35, 58, 65, 45, 38, 416, 'F', 59.43),
(501005, 'NAVYA KURIAN', 'MASTER OF COMPUTER APPLICATIONS', '18', 70, 70, 66, 64, 70, 64, 40, 38, 482, 'P', 68.86),
(501006, 'REEMA A A', 'MASTER OF COMPUTER APPLICATIONS', '18', 50, 66, 68, 73, 66, 71, 43, 42, 479, 'P', 68.43),
(501007, 'REHNAZ RENAZ MANZIL', 'MASTER OF COMPUTER APPLICATIONS', '18', 57, 63, 63, 65, 66, 63, 42, 38, 457, 'P', 65.29),
(501008, 'RIFAS T A', 'MASTER OF COMPUTER APPLICATIONS', '18', 76, 62, 64, 56, 68, 95, 45, 38, 504, 'P', 72),
(501009, 'ROSHNI A S', 'MASTER OF COMPUTER APPLICATIONS', '18', 57, 50, 63, 58, 65, 73, 43, 38, 447, 'P', 63.86),
(501010, 'SAMEERA HANEEF', 'MASTER OF COMPUTER APPLICATIONS', '18', 77, 67, 73, 59, 59, 84, 42, 42, 503, 'P', 71.86),
(501011, 'SELBY P X ', 'MASTER OF COMPUTER APPLICATIONS', '18', 77, 79, 75, 67, 76, 94, 44, 45, 557, 'P', 79.57),
(501012, 'SHERIN ANN JOSE', 'MASTER OF COMPUTER APPLICATIONS', '18', 62, 58, 61, 58, 70, 78, 38, 39, 464, 'P', 66.29),
(501013, 'STELLA MURPHY O B ', 'MASTER OF COMPUTER APPLICATIONS', '18', 52, 64, 64, 50, 60, 84, 38, 38, 450, 'P', 64.29),
(501014, 'SUMAYYA K M ', 'MASTER OF COMPUTER APPLICATIONS', '18', 54, 54, 57, 41, 53, 89, 40, 41, 429, 'F', 61.29),
(501015, 'UVAISE K B ', 'MASTER OF COMPUTER APPLICATIONS', '18', 65, 58, 61, 50, 51, 85, 46, 38, 454, 'P', 64.86),
(501016, 'VISAKH V ', 'MASTER OF COMPUTER APPLICATIONS', '18', 78, 79, 73, 60, 77, 93, 41, 43, 544, 'P', 77.71),
(501031, 'AISWARYA S', 'MASTER OF COMPUTER APPLICATIONS', '19', 64, 61, 65, 76, 64, 65, 41, 38, 474, 'P', 67.71),
(501032, 'AKHIL RAJ', 'MASTER OF COMPUTER APPLICATIONS', '19', 50, 55, 69, 72, 62, 94, 47, 39, 488, 'P', 69.71),
(501033, 'AKHILA PV', 'MASTER OF COMPUTER APPLICATIONS', '19', 88, 75, 72, 81, 71, 93, 47, 44, 571, 'P', 81.57),
(501034, 'AMRUTHA ARAVIND', 'MASTER OF COMPUTER APPLICATIONS', '19', 70, 63, 50, 70, 50, 80, 41, 38, 462, 'P', 66),
(501035, 'ANJU ALEX', 'MASTER OF COMPUTER APPLICATIONS', '19', 68, 66, 56, 76, 53, 87, 41, 39, 486, 'P', 69.43),
(501036, 'ANJU SATHEESH', 'MASTER OF COMPUTER APPLICATIONS', '19', 73, 68, 73, 76, 59, 77, 44, 41, 511, 'P', 73),
(501037, 'ANU SABU', 'MASTER OF COMPUTER APPLICATIONS', '19', 78, 79, 75, 76, 69, 83, 44, 44, 548, 'P', 78.29),
(501038, 'ARAVIND SP', 'MASTER OF COMPUTER APPLICATIONS', '19', 72, 72, 68, 65, 66, 92, 45, 26, 506, 'P', 72.29),
(501039, 'ASWATHY RAJ', 'MASTER OF COMPUTER APPLICATIONS', '19', 82, 76, 76, 88, 68, 84, 43, 40, 557, 'P', 79.57),
(501040, 'ASWATHY REGHUNATH', 'MASTER OF COMPUTER APPLICATIONS', '19', 75, 63, 66, 78, 53, 76, 40, 43, 494, 'P', 70.57),
(501041, 'GAYATHRI REMESH', 'MASTER OF COMPUTER APPLICATIONS', '19', 73, 77, 64, 76, 67, 85, 44, 40, 526, 'P', 75.14),
(501042, 'JEENA GEORGE', 'MASTER OF COMPUTER APPLICATIONS', '19', 74, 74, 71, 78, 64, 78, 41, 41, 521, 'P', 74.43),
(501043, 'JEENA K NATH', 'MASTER OF COMPUTER APPLICATIONS', '19', 62, 59, 74, 71, 57, 73, 40, 40, 476, 'P', 68),
(501044, 'LIGI GEORGE', 'MASTER OF COMPUTER APPLICATIONS', '19', 66, 65, 68, 84, 71, 92, 44, 43, 533, 'P', 76.14),
(501045, 'SANDRA S KUMAR', 'MASTER OF COMPUTER APPLICATIONS', '19', 72, 82, 85, 94, 81, 89, 44, 41, 588, 'P', 84),
(501046, 'SETHULEKSHMI S', 'MASTER OF COMPUTER APPLICATIONS', '19', 64, 50, 66, 66, 62, 76, 45, 34, 463, 'P', 66.14),
(501047, 'SHAHANA SALEEM', 'MASTER OF COMPUTER APPLICATIONS', '19', 67, 79, 72, 80, 78, 83, 42, 43, 544, 'P', 77.71),
(501048, 'SHAHINA S', 'MASTER OF COMPUTER APPLICATIONS', '19', 50, 61, 50, 64, 63, 76, 38, 31, 433, 'P', 61.86),
(501049, 'SHAMLA L', 'MASTER OF COMPUTER APPLICATIONS', '19', 57, 69, 64, 76, 60, 80, 43, 36, 485, 'P', 69.29),
(501050, 'SOUMYA RAJ', 'MASTER OF COMPUTER APPLICATIONS', '19', 57, 75, 55, 68, 54, 87, 44, 36, 476, 'P', 68),
(501071, 'AJITH R', 'MASTER OF COMPUTER APPLICATIONS', '20', 74, 77, 63, 59, 79, 87, 41, 36, 516, 'P', 73.71),
(501072, 'ALBIN GEORGE', 'MASTER OF COMPUTER APPLICATIONS', '20', 87, 79, 74, 65, 80, 84, 41, 42, 552, 'P', 78.86),
(501073, 'ANEESH T MOHAN', 'MASTER OF COMPUTER APPLICATIONS', '20', 72, 62, 59, 60, 72, 73, 38, 36, 472, 'P', 67.43),
(501074, 'ANJALI A B', 'MASTER OF COMPUTER APPLICATIONS', '20', 65, 65, 66, 55, 75, 85, 39, 33, 483, 'P', 69),
(501075, 'ANJU BOSE', 'MASTER OF COMPUTER APPLICATIONS', '20', 80, 74, 66, 50, 75, 91, 39, 39, 514, 'P', 73.43),
(501076, 'ANUPRIYA S', 'MASTER OF COMPUTER APPLICATIONS', '20', 65, 86, 74, 72, 74, 74, 34, 36, 515, 'P', 73.57),
(501077, 'ANUSHA MOHAN', 'MASTER OF COMPUTER APPLICATIONS', '20', 59, 78, 78, 65, 82, 88, 40, 39, 529, 'P', 75.57),
(501078, 'ARJUNKUMAR R', 'MASTER OF COMPUTER APPLICATIONS', '20', 64, 72, 66, 55, 76, 88, 44, 39, 504, 'P', 72),
(501080, 'ARUN JACOB', 'MASTER OF COMPUTER APPLICATIONS', '20', 76, 79, 63, 50, 84, 95, 43, 35, 525, 'P', 75),
(501081, 'ARUN R', 'MASTER OF COMPUTER APPLICATIONS', '20', 50, 59, 57, 50, 65, 84, 43, 32, 440, 'P', 62.86),
(501082, 'ASHITHA SASI', 'MASTER OF COMPUTER APPLICATIONS', '20', 81, 82, 81, 63, 87, 93, 41, 43, 571, 'P', 81.57),
(501083, 'BIJO BABY', 'MASTER OF COMPUTER APPLICATIONS', '20', 80, 82, 79, 59, 89, 95, 43, 41, 568, 'P', 81.14),
(501084, 'BINIMOL K P', 'MASTER OF COMPUTER APPLICATIONS', '20', 75, 81, 82, 74, 73, 93, 42, 46, 566, 'P', 80.86),
(501085, 'CHINNU RAJAN', 'MASTER OF COMPUTER APPLICATIONS', '20', 72, 80, 82, 70, 62, 83, 40, 42, 531, 'P', 75.86),
(501086, 'CIMPLE JOSEPH', 'MASTER OF COMPUTER APPLICATIONS', '20', 79, 81, 75, 68, 74, 67, 43, 44, 531, 'P', 75.86),
(501087, 'DHANYA THANKACHEN', 'MASTER OF COMPUTER APPLICATIONS', '20', 56, 74, 64, 71, 54, 84, 41, 35, 479, 'P', 68.43),
(501088, 'DITTO DOMINIC', 'MASTER OF COMPUTER APPLICATIONS', '20', 75, 78, 71, 69, 51, 66, 39, 39, 488, 'P', 69.71),
(501089, 'EDISON SUNNY', 'MASTER OF COMPUTER APPLICATIONS', '20', 53, 62, 54, 37, 50, 64, 39, 32, 391, 'F', 55.86),
(501090, 'ELDHO ALIAS', 'MASTER OF COMPUTER APPLICATIONS', '20', 65, 76, 61, 38, 57, 87, 40, 31, 455, 'F', 65),
(501091, 'FERZIL BABU', 'MASTER OF COMPUTER APPLICATIONS', '20', 38, 58, 42, 42, 37, 53, 35, 36, 341, 'F', 48.71),
(501092, 'GEORGEKUTTY GEORGE', 'MASTER OF COMPUTER APPLICATIONS', '20', 72, 72, 54, 54, 61, 89, 42, 35, 479, 'P', 68.43),
(501093, 'GERIN GEORGE', 'MASTER OF COMPUTER APPLICATIONS', '20', 61, 69, 64, 62, 50, 81, 41, 40, 468, 'P', 66.86),
(501094, 'GIBIN BABY', 'MASTER OF COMPUTER APPLICATIONS', '20', 50, 71, 57, 50, 54, 81, 43, 33, 439, 'P', 62.71),
(501095, 'JEEVA THOMAS', 'MASTER OF COMPUTER APPLICATIONS', '20', 51, 73, 71, 75, 73, 65, 40, 42, 490, 'P', 70),
(501096, 'JEFRY JOSEPH JOHN', 'MASTER OF COMPUTER APPLICATIONS', '20', 70, 78, 68, 64, 72, 91, 43, 33, 519, 'P', 74.14),
(501097, 'JESTEENA JOSEPH', 'MASTER OF COMPUTER APPLICATIONS', '20', 50, 72, 61, 58, 57, 69, 34, 37, 438, 'P', 62.57),
(501098, 'JINTU MARIA JIJI', 'MASTER OF COMPUTER APPLICATIONS', '20', 98, 80, 70, 66, 71, 94, 45, 43, 567, 'P', 81),
(501099, 'JISMI NAZEER', 'MASTER OF COMPUTER APPLICATIONS', '20', 60, 71, 64, 50, 57, 67, 37, 39, 445, 'P', 63.57),
(501100, 'JITHIN GEORGE', 'MASTER OF COMPUTER APPLICATIONS', '20', 61, 56, 52, 35, 50, 81, 41, 34, 410, 'F', 58.57),
(501101, 'JITHIN JOSE', 'MASTER OF COMPUTER APPLICATIONS', '20', 54, 70, 68, 62, 55, 89, 43, 33, 474, 'P', 67.71),
(501102, 'JITHIN JOY', 'MASTER OF COMPUTER APPLICATIONS', '20', 62, 79, 69, 58, 59, 70, 41, 33, 471, 'P', 67.29),
(501103, 'JIYA ANTONY', 'MASTER OF COMPUTER APPLICATIONS', '20', 60, 75, 70, 64, 61, 79, 39, 39, 487, 'P', 69.57),
(501104, 'JOFIN GEORGE', 'MASTER OF COMPUTER APPLICATIONS', '20', 60, 80, 67, 57, 66, 92, 42, 40, 504, 'P', 72),
(501105, 'JOSNA JOSEPH', 'MASTER OF COMPUTER APPLICATIONS', '20', 76, 72, 68, 50, 56, 82, 40, 38, 482, 'P', 68.86),
(501106, 'KARTHIKA SASIKUMAR', 'MASTER OF COMPUTER APPLICATIONS', '20', 59, 73, 67, 68, 63, 66, 39, 40, 475, 'P', 67.86),
(501107, 'LIBIN THOMAS', 'MASTER OF COMPUTER APPLICATIONS', '20', 74, 65, 65, 50, 51, 56, 38, 40, 439, 'P', 62.71),
(501108, 'LIGI VARGHESE', 'MASTER OF COMPUTER APPLICATIONS', '20', 72, 74, 75, 62, 54, 85, 40, 40, 502, 'P', 71.71),
(501109, 'MANSOOR C M', 'MASTER OF COMPUTER APPLICATIONS', '20', 59, 74, 61, 54, 50, 67, 40, 36, 441, 'P', 63),
(501110, 'MEENUMOL BABU', 'MASTER OF COMPUTER APPLICATIONS', '20', 69, 74, 70, 58, 63, 89, 38, 40, 501, 'P', 71.57),
(501111, 'MINU MARIA  E S', 'MASTER OF COMPUTER APPLICATIONS', '20', 50, 68, 62, 64, 53, 81, 41, 38, 457, 'P', 65.29),
(501112, 'NIMMY JOY', 'MASTER OF COMPUTER APPLICATIONS', '20', 50, 63, 58, 60, 50, 59, 36, 37, 413, 'P', 59),
(501113, 'NITHIN BABU', 'MASTER OF COMPUTER APPLICATIONS', '20', 71, 72, 60, 57, 70, 91, 42, 37, 500, 'P', 71.43),
(501114, 'NITHIN BABY', 'MASTER OF COMPUTER APPLICATIONS', '20', 76, 76, 69, 57, 74, 92, 43, 40, 527, 'P', 75.29),
(501115, 'NITHIN JOSE THOMAS', 'MASTER OF COMPUTER APPLICATIONS', '20', 79, 70, 64, 51, 62, 85, 45, 37, 493, 'P', 70.43),
(501116, 'NIZIAH ABRAHAM', 'MASTER OF COMPUTER APPLICATIONS', '20', 73, 75, 70, 59, 53, 68, 40, 40, 478, 'P', 68.29),
(501117, 'RESHMA K P', 'MASTER OF COMPUTER APPLICATIONS', '20', 55, 79, 67, 61, 71, 92, 39, 40, 504, 'P', 72),
(501118, 'RISAL K N', 'MASTER OF COMPUTER APPLICATIONS', '20', 69, 60, 66, 57, 65, 87, 45, 32, 481, 'P', 68.71),
(501119, 'SANDEEP R', 'MASTER OF COMPUTER APPLICATIONS', '20', 57, 50, 50, 38, 35, 89, 44, 34, 397, 'F', 56.71),
(501120, 'SREELAKSHMI S', 'MASTER OF COMPUTER APPLICATIONS', '20', 64, 73, 68, 63, 50, 74, 41, 34, 467, 'P', 66.71),
(501121, 'SRUMY SAJAN', 'MASTER OF COMPUTER APPLICATIONS', '20', 86, 80, 79, 76, 75, 94, 46, 44, 580, 'P', 82.86),
(501122, 'STEPHIN T S ', 'MASTER OF COMPUTER APPLICATIONS', '20', 58, 65, 55, 51, 54, 83, 41, 37, 444, 'P', 63.43),
(501123, 'THOBIO JOSEPH', 'MASTER OF COMPUTER APPLICATIONS', '20', 55, 50, 51, 26, 50, 82, 39, 30, 383, 'F', 54.71),
(501124, 'TINCY YACOB', 'MASTER OF COMPUTER APPLICATIONS', '20', 73, 59, 61, 65, 50, 80, 42, 39, 469, 'P', 67),
(501125, 'TOMY GEORGE', 'MASTER OF COMPUTER APPLICATIONS', '20', 69, 78, 69, 70, 50, 84, 44, 38, 502, 'P', 71.71),
(501126, 'TONY GEORGE', 'MASTER OF COMPUTER APPLICATIONS', '20', 65, 62, 58, 50, 53, 93, 45, 34, 460, 'P', 65.71),
(501127, 'VARSHA VARGHESE', 'MASTER OF COMPUTER APPLICATIONS', '20', 58, 70, 64, 58, 54, 89, 38, 36, 467, 'P', 66.71),
(501128, 'VISHNU M SURESH', 'MASTER OF COMPUTER APPLICATIONS', '20', 70, 59, 50, 50, 35, 85, 40, 32, 421, 'F', 60.14),
(501129, 'VISHNUPRIYA SAHADEVAN', 'MASTER OF COMPUTER APPLICATIONS', '20', 73, 78, 65, 54, 69, 92, 40, 37, 508, 'P', 72.57),
(501141, 'AFNAN KHALEEL', 'MASTER OF COMPUTER APPLICATIONS', '21', 57, 69, 67, 60, 50, 71, 39, 36, 449, 'P', 64.14),
(501142, 'ANJANA MOHAN', 'MASTER OF COMPUTER APPLICATIONS', '21', 73, 68, 62, 61, 60, 52, 38, 35, 449, 'P', 64.14),
(501143, 'ASWATHI VALSARAJ', 'MASTER OF COMPUTER APPLICATIONS', '21', 84, 76, 69, 64, 57, 79, 44, 37, 510, 'P', 72.86),
(501144, 'ATHIRA GOPINATH', 'MASTER OF COMPUTER APPLICATIONS', '21', 77, 83, 74, 70, 75, 88, 44, 36, 547, 'P', 78.14),
(501145, 'DILJIYA ROSE M JOJY', 'MASTER OF COMPUTER APPLICATIONS', '21', 75, 78, 67, 69, 63, 74, 41, 32, 499, 'P', 71.29),
(501146, 'GAYATRI K U', 'MASTER OF COMPUTER APPLICATIONS', '21', 80, 59, 63, 50, 62, 75, 40, 34, 463, 'P', 66.14),
(501147, 'GINISH P GEORGE', 'MASTER OF COMPUTER APPLICATIONS', '21', 69, 52, 51, 37, 50, 80, 39, 28, 406, 'F', 58),
(501148, 'GLEN VARGHESE K V', 'MASTER OF COMPUTER APPLICATIONS', '21', 80, 65, 62, 58, 50, 52, 37, 33, 437, 'P', 62.43),
(501149, 'MARIYA TREESA NEENU', 'MASTER OF COMPUTER APPLICATIONS', '21', 59, 69, 63, 72, 57, 56, 37, 32, 445, 'P', 63.57),
(501150, 'MARY FIBY C J', 'MASTER OF COMPUTER APPLICATIONS', '21', 80, 78, 68, 55, 61, 76, 38, 35, 491, 'P', 70.14),
(501151, 'RESHMA SUNIL', 'MASTER OF COMPUTER APPLICATIONS', '21', 86, 69, 68, 70, 60, 86, 37, 38, 514, 'P', 73.43),
(501152, 'ROHIT KRISHNAN G', 'MASTER OF COMPUTER APPLICATIONS', '21', 75, 70, 65, 54, 61, 95, 44, 35, 499, 'P', 71.29),
(501153, 'SAJITHLAL V S', 'MASTER OF COMPUTER APPLICATIONS', '21', 85, 69, 71, 50, 60, 79, 43, 35, 492, 'P', 70.29),
(501154, 'THANVEER-UL-HAQUE A S', 'MASTER OF COMPUTER APPLICATIONS', '21', 88, 64, 62, 58, 55, 89, 41, 31, 488, 'P', 69.71),
(501155, 'TIJO TOMY', 'MASTER OF COMPUTER APPLICATIONS', '21', 53, 67, 71, 54, 69, 82, 42, 29, 467, 'P', 66.71),
(501171, 'ANAGHA LEKSHMI', 'MASTER OF COMPUTER APPLICATIONS', '22', 67, 82, 80, 50, 55, 86, 39, 35, 494, 'P', 70.57),
(501172, 'ANJALI SURESH', 'MASTER OF COMPUTER APPLICATIONS', '22', 79, 80, 80, 68, 58, 75, 38, 40, 518, 'P', 74),
(501173, 'ANJALY S NAIR', 'MASTER OF COMPUTER APPLICATIONS', '22', 66, 64, 69, 50, 50, 75, 36, 41, 451, 'P', 64.43),
(501174, 'ANJU ANTONY', 'MASTER OF COMPUTER APPLICATIONS', '22', 67, 70, 63, 70, 50, 89, 33, 35, 477, 'P', 68.14),
(501175, 'ANJU KRISHNAN', 'MASTER OF COMPUTER APPLICATIONS', '22', 71, 68, 75, 69, 59, 81, 35, 40, 498, 'P', 71.14),
(501176, 'ANJU P U', 'MASTER OF COMPUTER APPLICATIONS', '22', 80, 79, 77, 70, 73, 90, 36, 42, 547, 'P', 78.14),
(501177, 'ANJUMOL SREEDHARAN', 'MASTER OF COMPUTER APPLICATIONS', '22', 75, 66, 67, 66, 62, 85, 32, 41, 494, 'P', 70.57),
(501178, 'ATHIRA M J', 'MASTER OF COMPUTER APPLICATIONS', '22', 77, 76, 83, 66, 66, 82, 34, 39, 523, 'P', 74.71),
(501179, 'ATHIRA R KURUP', 'MASTER OF COMPUTER APPLICATIONS', '22', 73, 75, 81, 82, 71, 92, 37, 39, 550, 'P', 78.57),
(501180, 'ATHULYA P S', 'MASTER OF COMPUTER APPLICATIONS', '22', 72, 73, 75, 63, 68, 82, 35, 39, 507, 'P', 72.43),
(501181, 'BIGILY ANNA JOHN', 'MASTER OF COMPUTER APPLICATIONS', '22', 68, 76, 76, 63, 73, 83, 38, 37, 514, 'P', 73.43),
(501182, 'BIPIN SAMUEL', 'MASTER OF COMPUTER APPLICATIONS', '22', 64, 64, 58, 56, 60, 76, 40, 38, 456, 'P', 65.14),
(501183, 'CHINNU MARIYA JOSEPH', 'MASTER OF COMPUTER APPLICATIONS', '22', 72, 75, 74, 70, 65, 76, 36, 37, 505, 'P', 72.14),
(501184, 'DEEPTHI SREE', 'MASTER OF COMPUTER APPLICATIONS', '22', 79, 67, 73, 59, 76, 90, 36, 35, 515, 'P', 73.57),
(501185, 'ELIZABETH GEORGE', 'MASTER OF COMPUTER APPLICATIONS', '22', 50, 52, 64, 53, 60, 64, 31, 29, 403, 'P', 57.57),
(501186, 'GOPIKA R', 'MASTER OF COMPUTER APPLICATIONS', '22', 79, 67, 66, 51, 52, 78, 36, 34, 463, 'P', 66.14),
(501187, 'GOPIKA RAJ S', 'MASTER OF COMPUTER APPLICATIONS', '22', 96, 77, 79, 64, 75, 95, 38, 42, 566, 'P', 80.86),
(501188, 'JIJA ANDREWS', 'MASTER OF COMPUTER APPLICATIONS', '22', 69, 65, 75, 68, 62, 66, 33, 39, 477, 'P', 68.14),
(501189, 'JOJO ABRAHAM', 'MASTER OF COMPUTER APPLICATIONS', '22', 52, 63, 69, 50, 61, 71, 35, 29, 430, 'P', 61.43),
(501190, 'KARTHIK KUMAR', 'MASTER OF COMPUTER APPLICATIONS', '22', 90, 69, 70, 60, 58, 86, 35, 34, 502, 'P', 71.71),
(501191, 'MEENUJA K M', 'MASTER OF COMPUTER APPLICATIONS', '22', 72, 71, 82, 65, 78, 86, 35, 37, 526, 'P', 75.14),
(501192, 'RENJINA K R', 'MASTER OF COMPUTER APPLICATIONS', '22', 60, 61, 71, 60, 77, 72, 34, 33, 468, 'P', 66.86),
(501193, 'REVATHY P B', 'MASTER OF COMPUTER APPLICATIONS', '22', 65, 67, 71, 55, 61, 80, 33, 34, 466, 'P', 66.57),
(501194, 'SAMEERA SALIM', 'MASTER OF COMPUTER APPLICATIONS', '22', 83, 75, 80, 62, 64, 86, 35, 36, 521, 'P', 74.43),
(501195, 'SARANYA MOHAN', 'MASTER OF COMPUTER APPLICATIONS', '22', 78, 82, 77, 64, 71, 89, 35, 38, 534, 'P', 76.29),
(501196, 'SARIKA T SUBASH', 'MASTER OF COMPUTER APPLICATIONS', '22', 78, 68, 73, 50, 62, 74, 33, 31, 469, 'P', 67),
(501197, 'SHAMLY ELZA SAM', 'MASTER OF COMPUTER APPLICATIONS', '22', 67, 69, 84, 71, 74, 74, 34, 39, 512, 'P', 73.14),
(501198, 'SHELMI SALIM S A', 'MASTER OF COMPUTER APPLICATIONS', '22', 10, 10, 0, 10, 10, 10, 0, 0, 50, 'F', 7.14),
(501199, 'SNEHA MERIN SAM', 'MASTER OF COMPUTER APPLICATIONS', '22', 63, 71, 74, 65, 64, 80, 32, 35, 484, 'P', 69.14),
(501200, 'SONA CHANDRAN', 'MASTER OF COMPUTER APPLICATIONS', '22', 81, 85, 74, 62, 79, 93, 36, 41, 551, 'P', 78.71),
(501201, 'SUMITH K MOHAN', 'MASTER OF COMPUTER APPLICATIONS', '22', 96, 61, 64, 50, 52, 83, 31, 39, 476, 'P', 68),
(501202, 'THULASI M', 'MASTER OF COMPUTER APPLICATIONS', '22', 67, 61, 70, 70, 71, 85, 32, 37, 493, 'P', 70.43),
(501203, 'VARUN SABU', 'MASTER OF COMPUTER APPLICATIONS', '22', 84, 55, 68, 77, 55, 81, 35, 37, 492, 'P', 70.29),
(501204, 'VRINDA VIJAYAN', 'MASTER OF COMPUTER APPLICATIONS', '22', 92, 52, 65, 55, 57, 69, 34, 36, 460, 'P', 65.71),
(501221, 'AANIE RAJU', 'MASTER OF COMPUTER APPLICATIONS', '23', 90, 73, 70, 86, 85, 92, 43, 43, 582, 'P', 83.14),
(501222, 'AISHWARYA T R', 'MASTER OF COMPUTER APPLICATIONS', '23', 85, 82, 75, 87, 85, 91, 43, 45, 593, 'P', 84.71),
(501223, 'AJITH K S', 'MASTER OF COMPUTER APPLICATIONS', '23', 79, 68, 62, 78, 71, 58, 40, 38, 494, 'P', 70.57),
(501224, 'AKHIL KUMAR T M', 'MASTER OF COMPUTER APPLICATIONS', '23', 78, 72, 66, 82, 64, 88, 42, 37, 529, 'P', 75.57),
(501225, 'ALPHONSA JOSE', 'MASTER OF COMPUTER APPLICATIONS', '23', 89, 73, 70, 74, 79, 73, 40, 38, 536, 'P', 76.57),
(501226, 'ALPHONSA THOMAS', 'MASTER OF COMPUTER APPLICATIONS', '23', 94, 80, 71, 81, 77, 88, 41, 37, 569, 'P', 81.29),
(501227, 'AMAL JOY', 'MASTER OF COMPUTER APPLICATIONS', '23', 83, 71, 71, 76, 79, 90, 44, 39, 553, 'P', 79),
(501228, 'AMAL P RAMACHANDRAN', 'MASTER OF COMPUTER APPLICATIONS', '23', 85, 74, 67, 70, 76, 69, 42, 38, 521, 'P', 74.43),
(501229, 'ANJALY K DEVASY', 'MASTER OF COMPUTER APPLICATIONS', '23', 71, 65, 64, 80, 81, 65, 42, 41, 509, 'P', 72.71),
(501230, 'ARJUN SANTHOSH', 'MASTER OF COMPUTER APPLICATIONS', '23', 88, 73, 60, 77, 82, 87, 43, 40, 550, 'P', 78.57),
(501231, 'ATHIRA THOMAS', 'MASTER OF COMPUTER APPLICATIONS', '23', 93, 78, 65, 86, 81, 87, 40, 41, 571, 'P', 81.57),
(501232, 'BIBHU AV', 'MASTER OF COMPUTER APPLICATIONS', '23', 95, 74, 63, 82, 80, 88, 43, 39, 564, 'P', 80.57),
(501233, 'DEEPTHI SIVAN', 'MASTER OF COMPUTER APPLICATIONS', '23', 96, 81, 72, 85, 81, 86, 40, 41, 582, 'P', 83.14),
(501234, 'DEVIKRISHNA SAJU', 'MASTER OF COMPUTER APPLICATIONS', '23', 92, 76, 68, 88, 85, 88, 41, 41, 579, 'P', 82.71),
(501235, 'DILEEP REMANAN', 'MASTER OF COMPUTER APPLICATIONS', '23', 70, 65, 61, 69, 64, 60, 41, 37, 467, 'P', 66.71),
(501236, 'DITTY K JAMES', 'MASTER OF COMPUTER APPLICATIONS', '23', 87, 68, 66, 84, 68, 64, 41, 36, 514, 'P', 73.43),
(501237, 'ELDHO GEORGE', 'MASTER OF COMPUTER APPLICATIONS', '23', 73, 66, 50, 67, 67, 54, 37, 37, 451, 'P', 64.43),
(501238, 'ELDHOSE GEORGE', 'MASTER OF COMPUTER APPLICATIONS', '23', 79, 68, 53, 76, 65, 55, 40, 38, 474, 'P', 67.71),
(501239, 'EMMANUEL MATHEW', 'MASTER OF COMPUTER APPLICATIONS', '23', 77, 76, 64, 75, 70, 66, 42, 41, 511, 'P', 73),
(501240, 'FIROS M N', 'MASTER OF COMPUTER APPLICATIONS', '23', 83, 64, 54, 81, 75, 71, 42, 40, 510, 'P', 72.86),
(501241, 'HESHMA M SOMAN', 'MASTER OF COMPUTER APPLICATIONS', '23', 87, 77, 71, 89, 76, 75, 41, 42, 558, 'P', 79.71),
(501242, 'HONEYMOL RAJAPPAN', 'MASTER OF COMPUTER APPLICATIONS', '23', 91, 72, 62, 78, 81, 80, 43, 40, 547, 'P', 78.14),
(501243, 'JAMES ABRAHAM', 'MASTER OF COMPUTER APPLICATIONS', '23', 68, 69, 61, 63, 74, 88, 43, 40, 506, 'P', 72.29),
(501244, 'JENISH GEORGE', 'MASTER OF COMPUTER APPLICATIONS', '23', 73, 70, 57, 76, 75, 85, 42, 40, 518, 'P', 74),
(501245, 'JINSON JOSE', 'MASTER OF COMPUTER APPLICATIONS', '23', 64, 70, 53, 73, 66, 69, 41, 43, 479, 'P', 68.43),
(501246, 'JINUMOL BABY', 'MASTER OF COMPUTER APPLICATIONS', '23', 89, 75, 65, 77, 74, 78, 39, 40, 537, 'P', 76.71),
(501247, 'JITHU SUNNY', 'MASTER OF COMPUTER APPLICATIONS', '23', 80, 74, 68, 82, 82, 90, 45, 42, 563, 'P', 80.43),
(501248, 'JOEL JOSEPH', 'MASTER OF COMPUTER APPLICATIONS', '23', 88, 74, 64, 83, 75, 91, 45, 45, 565, 'P', 80.71),
(501249, 'JOMY JOSE', 'MASTER OF COMPUTER APPLICATIONS', '23', 90, 71, 61, 76, 75, 89, 41, 39, 542, 'P', 77.43),
(501250, 'JYOTHIS MARIA JOHN', 'MASTER OF COMPUTER APPLICATIONS', '23', 92, 74, 62, 75, 83, 87, 42, 39, 554, 'P', 79.14),
(501251, 'KRISHNARAJ N', 'MASTER OF COMPUTER APPLICATIONS', '23', 73, 70, 63, 67, 73, 87, 40, 37, 510, 'P', 72.86),
(501252, 'MANUEL TOMSON', 'MASTER OF COMPUTER APPLICATIONS', '23', 77, 63, 64, 66, 59, 73, 41, 40, 483, 'P', 69),
(501253, 'MOHAMMED HILAL N A', 'MASTER OF COMPUTER APPLICATIONS', '23', 87, 70, 67, 72, 72, 80, 42, 39, 529, 'P', 75.57),
(501254, 'NIKHIL P SASI', 'MASTER OF COMPUTER APPLICATIONS', '23', 72, 69, 56, 79, 77, 80, 41, 41, 515, 'P', 73.57),
(501255, 'NINU SAJU', 'MASTER OF COMPUTER APPLICATIONS', '23', 61, 56, 56, 66, 71, 61, 38, 35, 444, 'P', 63.43),
(501256, 'RAHUL RAMAKRISHNAN', 'MASTER OF COMPUTER APPLICATIONS', '23', 64, 59, 61, 72, 71, 81, 45, 39, 492, 'P', 70.29),
(501257, 'ROSE J WADAKKAN', 'MASTER OF COMPUTER APPLICATIONS', '23', 62, 59, 58, 70, 65, 63, 42, 40, 459, 'P', 65.57),
(501258, 'SANDHYA V S', 'MASTER OF COMPUTER APPLICATIONS', '23', 80, 70, 69, 83, 65, 78, 41, 42, 528, 'P', 75.43),
(501259, 'SARATH BABY', 'MASTER OF COMPUTER APPLICATIONS', '23', 60, 71, 57, 74, 59, 64, 42, 34, 461, 'P', 65.86),
(501260, 'SHYAMKUMAR P S', 'MASTER OF COMPUTER APPLICATIONS', '23', 80, 63, 61, 86, 69, 72, 42, 39, 512, 'P', 73.14),
(501261, 'SILPA SIVAN', 'MASTER OF COMPUTER APPLICATIONS', '23', 90, 79, 75, 89, 77, 88, 41, 40, 579, 'P', 82.71),
(501262, 'SOJAN MANUEL', 'MASTER OF COMPUTER APPLICATIONS', '23', 81, 70, 66, 76, 68, 82, 44, 40, 527, 'P', 75.29),
(501263, 'SOUMYA PAULOSE', 'MASTER OF COMPUTER APPLICATIONS', '23', 94, 76, 56, 87, 80, 90, 42, 43, 568, 'P', 81.14),
(501264, 'TINUMON MICHAEL', 'MASTER OF COMPUTER APPLICATIONS', '23', 93, 72, 64, 83, 68, 92, 43, 40, 555, 'P', 79.29),
(501265, 'VINEETHA VIJAYAN', 'MASTER OF COMPUTER APPLICATIONS', '23', 79, 76, 68, 77, 83, 90, 43, 39, 555, 'P', 79.29),
(501281, 'AKHIL C S', 'MASTER OF COMPUTER APPLICATIONS', '24', 41, 41, 57, 53, 50, 55, 34, 38, 369, 'F', 52.71),
(501282, 'AKHIL SASI', 'MASTER OF COMPUTER APPLICATIONS', '24', 55, 60, 74, 56, 53, 84, 43, 40, 465, 'P', 66.43),
(501283, 'AMRUTHA ASOKAN', 'MASTER OF COMPUTER APPLICATIONS', '24', 45, 50, 55, 34, 50, 56, 34, 42, 366, 'F', 52.29),
(501284, 'ANJANA P S', 'MASTER OF COMPUTER APPLICATIONS', '24', 72, 57, 71, 51, 63, 85, 38, 43, 480, 'P', 68.57),
(501285, 'ANJU MOHAN C', 'MASTER OF COMPUTER APPLICATIONS', '24', 67, 63, 69, 56, 68, 88, 43, 46, 500, 'P', 71.43),
(501286, 'ANJU SIVAN', 'MASTER OF COMPUTER APPLICATIONS', '24', 55, 55, 53, 58, 50, 63, 38, 42, 414, 'P', 59.14),
(501287, 'ANOL ELIZABETH VARGHESE', 'MASTER OF COMPUTER APPLICATIONS', '24', 60, 63, 59, 53, 50, 69, 35, 39, 428, 'P', 61.14),
(501288, 'ANSAR C A', 'MASTER OF COMPUTER APPLICATIONS', '24', 59, 64, 68, 50, 56, 78, 44, 42, 461, 'P', 65.86),
(501289, 'DIVYA RENNY', 'MASTER OF COMPUTER APPLICATIONS', '24', 72, 68, 71, 57, 70, 79, 38, 45, 500, 'P', 71.43),
(501290, 'FAHMI ABDULLA C', 'MASTER OF COMPUTER APPLICATIONS', '24', 75, 75, 79, 58, 69, 79, 40, 46, 521, 'P', 74.43),
(501291, 'GOKUL P KUMAR', 'MASTER OF COMPUTER APPLICATIONS', '24', 69, 77, 71, 57, 58, 77, 47, 43, 499, 'P', 71.29),
(501292, 'GOPIKA M S', 'MASTER OF COMPUTER APPLICATIONS', '24', 98, 79, 87, 73, 74, 96, 44, 49, 600, 'P', 85.71),
(501293, 'GREESHMA THILAKAN', 'MASTER OF COMPUTER APPLICATIONS', '24', 90, 79, 85, 74, 78, 88, 44, 47, 585, 'P', 83.57),
(501294, 'JITHIN K U', 'MASTER OF COMPUTER APPLICATIONS', '24', 62, 42, 41, 38, 50, 64, 40, 40, 377, 'F', 53.86);
INSERT INTO `student` (`regno`, `name`, `course`, `college`, `mca101`, `mca102`, `mca103`, `mca104`, `mca105`, `mca106`, `mca107`, `mca108`, `total`, `pass`, `percent`) VALUES
(501295, 'JOHN P J', 'MASTER OF COMPUTER APPLICATIONS', '24', 50, 60, 65, 56, 56, 71, 42, 40, 440, 'P', 62.86),
(501296, 'KARTHIKA V', 'MASTER OF COMPUTER APPLICATIONS', '24', 74, 69, 75, 62, 71, 86, 42, 49, 528, 'P', 75.43),
(501297, 'KIRAN P M', 'MASTER OF COMPUTER APPLICATIONS', '24', 58, 60, 60, 51, 56, 81, 41, 40, 447, 'P', 63.86),
(501298, 'KRISHNALAL K J', 'MASTER OF COMPUTER APPLICATIONS', '24', 59, 62, 59, 54, 54, 79, 35, 40, 442, 'P', 63.14),
(501299, 'MALAVIKA T DAS', 'MASTER OF COMPUTER APPLICATIONS', '24', 72, 70, 68, 53, 50, 83, 39, 42, 477, 'P', 68.14),
(501300, 'MIDHUN SIVAN', 'MASTER OF COMPUTER APPLICATIONS', '24', 71, 63, 70, 10, 62, 89, 39, 43, 447, 'F', 63.86),
(501301, 'MINTU MICHAEL', 'MASTER OF COMPUTER APPLICATIONS', '24', 85, 74, 72, 72, 72, 90, 45, 45, 555, 'P', 79.29),
(501302, 'MOHSIN M A', 'MASTER OF COMPUTER APPLICATIONS', '24', 50, 62, 59, 51, 56, 88, 42, 39, 447, 'P', 63.86),
(501303, 'NEETHU DILEEP K', 'MASTER OF COMPUTER APPLICATIONS', '24', 66, 69, 66, 67, 53, 84, 44, 40, 489, 'P', 69.86),
(501304, 'NIKHIL SASI', 'MASTER OF COMPUTER APPLICATIONS', '24', 70, 70, 59, 51, 61, 87, 45, 44, 487, 'P', 69.57),
(501305, 'NIMISHA JOSHY', 'MASTER OF COMPUTER APPLICATIONS', '24', 55, 73, 64, 65, 52, 83, 38, 38, 468, 'P', 66.86),
(501306, 'NIMITHA NANDAKUMAR', 'MASTER OF COMPUTER APPLICATIONS', '24', 68, 80, 75, 80, 73, 10, 10, 46, 442, 'F', 63.14),
(501307, 'NISA V M', 'MASTER OF COMPUTER APPLICATIONS', '24', 76, 82, 69, 77, 68, 92, 38, 46, 548, 'P', 78.29),
(501308, 'NITHYA P M', 'MASTER OF COMPUTER APPLICATIONS', '24', 59, 63, 67, 69, 66, 72, 42, 42, 480, 'P', 68.57),
(501309, 'PRANAV V PRADEEP', 'MASTER OF COMPUTER APPLICATIONS', '24', 50, 54, 51, 41, 41, 76, 43, 43, 399, 'F', 57),
(501310, 'PRIMA FRANCIS', 'MASTER OF COMPUTER APPLICATIONS', '24', 60, 70, 72, 55, 60, 81, 41, 43, 482, 'P', 68.86),
(501311, 'RAMEES RAHMAN V A', 'MASTER OF COMPUTER APPLICATIONS', '24', 67, 62, 65, 51, 51, 88, 40, 41, 465, 'P', 66.43),
(501312, 'RESHMA T R', 'MASTER OF COMPUTER APPLICATIONS', '24', 82, 73, 66, 59, 58, 91, 35, 44, 508, 'P', 72.57),
(501313, 'SHARON GEORGE', 'MASTER OF COMPUTER APPLICATIONS', '24', 66, 68, 63, 50, 65, 90, 43, 45, 490, 'P', 70),
(501314, 'SIBINDAS K S', 'MASTER OF COMPUTER APPLICATIONS', '24', 58, 59, 51, 37, 27, 71, 35, 40, 378, 'F', 54),
(501315, 'SOJAN BABU', 'MASTER OF COMPUTER APPLICATIONS', '24', 60, 56, 50, 33, 34, 70, 38, 38, 379, 'F', 54.14),
(501316, 'SOUMYA K S', 'MASTER OF COMPUTER APPLICATIONS', '24', 50, 64, 67, 31, 54, 83, 40, 39, 428, 'F', 61.14),
(501317, 'SRUTHI T M', 'MASTER OF COMPUTER APPLICATIONS', '24', 65, 64, 63, 13, 35, 72, 35, 41, 388, 'F', 55.43),
(501318, 'SUJITH VIJAYAN M V', 'MASTER OF COMPUTER APPLICATIONS', '24', 70, 74, 73, 51, 55, 91, 44, 46, 504, 'P', 72),
(501319, 'VARSHA T M', 'MASTER OF COMPUTER APPLICATIONS', '24', 64, 74, 75, 63, 55, 76, 38, 45, 490, 'P', 70),
(501320, 'VIDHULA THOMAS', 'MASTER OF COMPUTER APPLICATIONS', '24', 95, 86, 82, 79, 71, 96, 47, 49, 605, 'P', 86.43),
(501321, 'VIVEK T P', 'MASTER OF COMPUTER APPLICATIONS', '24', 65, 68, 61, 35, 50, 71, 33, 35, 418, 'F', 59.71),
(501322, 'VYSAKH V J', 'MASTER OF COMPUTER APPLICATIONS', '24', 64, 61, 56, 29, 58, 81, 39, 42, 430, 'F', 61.43),
(501341, 'AJITH C  SURENDRAN', 'MASTER OF COMPUTER APPLICATIONS', '25', 62, 60, 66, 42, 63, 95, 41, 37, 466, 'F', 66.57),
(501342, 'AKHILA BABU', 'MASTER OF COMPUTER APPLICATIONS', '25', 77, 76, 70, 57, 66, 62, 39, 39, 486, 'P', 69.43),
(501343, 'AMBILY SEBASTIAN', 'MASTER OF COMPUTER APPLICATIONS', '25', 57, 70, 66, 50, 50, 57, 35, 38, 423, 'P', 60.43),
(501344, 'ANJALI AJI', 'MASTER OF COMPUTER APPLICATIONS', '25', 78, 74, 81, 69, 68, 64, 38, 40, 512, 'P', 73.14),
(501345, 'ANJALI P ', 'MASTER OF COMPUTER APPLICATIONS', '25', 100, 79, 72, 58, 67, 90, 43, 37, 546, 'P', 78),
(501346, 'ANUJA C B ', 'MASTER OF COMPUTER APPLICATIONS', '25', 95, 76, 76, 63, 70, 94, 42, 39, 555, 'P', 79.29),
(501347, 'ANUSYAMA V S ', 'MASTER OF COMPUTER APPLICATIONS', '25', 67, 73, 75, 57, 62, 84, 41, 39, 498, 'P', 71.14),
(501348, 'APARNA K T', 'MASTER OF COMPUTER APPLICATIONS', '25', 66, 70, 79, 63, 64, 60, 40, 44, 486, 'P', 69.43),
(501349, 'ARADHANA K RAJU', 'MASTER OF COMPUTER APPLICATIONS', '25', 71, 74, 77, 54, 61, 61, 39, 37, 474, 'P', 67.71),
(501350, 'ARCHANA S R ', 'MASTER OF COMPUTER APPLICATIONS', '25', 72, 73, 68, 58, 51, 64, 39, 44, 469, 'P', 67),
(501351, 'ARYA KRISHNAN', 'MASTER OF COMPUTER APPLICATIONS', '25', 78, 57, 50, 50, 41, 67, 41, 38, 422, 'F', 60.29),
(501352, 'ARYA P NAIR', 'MASTER OF COMPUTER APPLICATIONS', '25', 91, 68, 62, 63, 63, 78, 38, 39, 502, 'P', 71.71),
(501353, 'ASWANIDEV A V ', 'MASTER OF COMPUTER APPLICATIONS', '25', 83, 63, 61, 57, 53, 56, 40, 40, 453, 'P', 64.71),
(501354, 'ASWATHY P  KAMAL', 'MASTER OF COMPUTER APPLICATIONS', '25', 80, 81, 66, 84, 72, 61, 43, 40, 527, 'P', 75.29),
(501355, 'ATHIRA N NAIR', 'MASTER OF COMPUTER APPLICATIONS', '25', 60, 61, 51, 60, 52, 51, 40, 38, 413, 'P', 59),
(501356, 'DEVIKA VIJAYANATH', 'MASTER OF COMPUTER APPLICATIONS', '25', 83, 69, 72, 68, 64, 68, 42, 44, 510, 'P', 72.86),
(501357, 'DIVYA CHIDAMBARAN', 'MASTER OF COMPUTER APPLICATIONS', '25', 86, 74, 66, 63, 71, 78, 43, 40, 521, 'P', 74.43),
(501358, 'HARSHA HARIKUMAR', 'MASTER OF COMPUTER APPLICATIONS', '25', 77, 79, 61, 77, 66, 59, 41, 41, 501, 'P', 71.57),
(501359, 'JAYALAKSHMI B K ', 'MASTER OF COMPUTER APPLICATIONS', '25', 88, 69, 51, 69, 63, 78, 38, 39, 495, 'P', 70.71),
(501360, 'LIBIN ABRAHAM', 'MASTER OF COMPUTER APPLICATIONS', '25', 83, 69, 54, 58, 63, 95, 43, 37, 502, 'P', 71.71),
(501361, 'LIBIN PHILIP', 'MASTER OF COMPUTER APPLICATIONS', '25', 50, 51, 51, 43, 50, 59, 39, 39, 382, 'F', 54.57),
(501362, 'MEENU MOHAN', 'MASTER OF COMPUTER APPLICATIONS', '25', 89, 73, 69, 66, 74, 72, 40, 42, 525, 'P', 75),
(501363, 'MEENU SUKUMAR', 'MASTER OF COMPUTER APPLICATIONS', '25', 72, 63, 62, 54, 58, 72, 38, 38, 457, 'P', 65.29),
(501364, 'MILYA SARA KURUVILLA', 'MASTER OF COMPUTER APPLICATIONS', '25', 66, 62, 50, 38, 50, 66, 35, 40, 407, 'F', 58.14),
(501365, 'NEERAJA SEBASTIAN', 'MASTER OF COMPUTER APPLICATIONS', '25', 97, 84, 74, 66, 81, 88, 39, 43, 572, 'P', 81.71),
(501366, 'NEETHU S ', 'MASTER OF COMPUTER APPLICATIONS', '25', 56, 51, 53, 50, 50, 39, 35, 38, 372, 'F', 53.14),
(501367, 'NIKHIL JOSE', 'MASTER OF COMPUTER APPLICATIONS', '25', 62, 75, 53, 50, 50, 67, 33, 38, 428, 'P', 61.14),
(501368, 'RAJESH R ', 'MASTER OF COMPUTER APPLICATIONS', '25', 61, 82, 68, 65, 63, 51, 40, 40, 470, 'P', 67.14),
(501369, 'RESHMA REJI', 'MASTER OF COMPUTER APPLICATIONS', '25', 88, 83, 68, 64, 78, 95, 39, 37, 552, 'P', 78.86),
(501370, 'REVATHY SASIDHARAN', 'MASTER OF COMPUTER APPLICATIONS', '25', 62, 61, 51, 61, 64, 38, 40, 40, 417, 'F', 59.57),
(501371, 'ROGER JACOB ROY', 'MASTER OF COMPUTER APPLICATIONS', '25', 70, 75, 53, 50, 66, 95, 41, 38, 488, 'P', 69.71),
(501372, 'SABINI THANKACHAN', 'MASTER OF COMPUTER APPLICATIONS', '25', 71, 63, 54, 50, 62, 53, 39, 41, 433, 'P', 61.86),
(501373, 'SAHAYARAJ A ', 'MASTER OF COMPUTER APPLICATIONS', '25', 73, 81, 58, 61, 70, 77, 41, 39, 500, 'P', 71.43),
(501374, 'SARANYA RAJ', 'MASTER OF COMPUTER APPLICATIONS', '25', 57, 75, 57, 59, 59, 56, 39, 39, 441, 'P', 63),
(501375, 'SREEJA SUKUMARAN', 'MASTER OF COMPUTER APPLICATIONS', '25', 87, 68, 52, 50, 50, 50, 35, 37, 429, 'P', 61.29),
(501376, 'SREEKALA S ', 'MASTER OF COMPUTER APPLICATIONS', '25', 96, 86, 69, 78, 68, 97, 40, 44, 578, 'P', 82.57),
(501377, 'VINCY CHERIAN', 'MASTER OF COMPUTER APPLICATIONS', '25', 85, 72, 55, 54, 61, 85, 39, 39, 490, 'P', 70),
(501378, 'VINITHA JOHN', 'MASTER OF COMPUTER APPLICATIONS', '25', 41, 50, 62, 50, 38, 52, 41, 37, 371, 'F', 53),
(501391, 'AFSATH V K', 'MASTER OF COMPUTER APPLICATIONS', '26', 62, 61, 70, 62, 72, 72, 41, 29, 469, 'P', 67),
(501392, 'AKHIL K T', 'MASTER OF COMPUTER APPLICATIONS', '26', 64, 50, 72, 57, 53, 56, 43, 26, 421, 'P', 60.14),
(501393, 'AKHIL T MOHAN', 'MASTER OF COMPUTER APPLICATIONS', '26', 67, 61, 83, 64, 66, 65, 40, 25, 471, 'P', 67.29),
(501394, 'ANISH  MATHEW', 'MASTER OF COMPUTER APPLICATIONS', '26', 65, 67, 67, 50, 63, 89, 40, 26, 467, 'P', 66.71),
(501395, 'ANJANA S', 'MASTER OF COMPUTER APPLICATIONS', '26', 89, 72, 80, 64, 65, 72, 47, 31, 520, 'P', 74.29),
(501396, 'ANJU V S', 'MASTER OF COMPUTER APPLICATIONS', '26', 71, 75, 81, 69, 58, 70, 42, 36, 502, 'P', 71.71),
(501397, 'ANUGRAHA SASIDHARAN', 'MASTER OF COMPUTER APPLICATIONS', '26', 83, 73, 73, 68, 78, 86, 38, 27, 526, 'P', 75.14),
(501398, 'ANUPAMA M P', 'MASTER OF COMPUTER APPLICATIONS', '26', 86, 90, 86, 69, 83, 84, 44, 34, 576, 'P', 82.29),
(501399, 'ANUSHA M K', 'MASTER OF COMPUTER APPLICATIONS', '26', 69, 55, 72, 59, 58, 69, 42, 28, 452, 'P', 64.57),
(501400, 'ASWATHY A', 'MASTER OF COMPUTER APPLICATIONS', '26', 80, 76, 78, 73, 78, 75, 44, 27, 531, 'P', 75.86),
(501401, 'ASWATHY C S', 'MASTER OF COMPUTER APPLICATIONS', '26', 69, 65, 61, 62, 52, 74, 39, 26, 448, 'P', 64),
(501402, 'ATHUL BABU', 'MASTER OF COMPUTER APPLICATIONS', '26', 76, 74, 75, 56, 67, 83, 45, 25, 501, 'P', 71.57),
(501403, 'CHRISTAL P S', 'MASTER OF COMPUTER APPLICATIONS', '26', 58, 80, 62, 56, 57, 66, 41, 29, 449, 'P', 64.14),
(501404, 'DIVYA K B', 'MASTER OF COMPUTER APPLICATIONS', '26', 74, 75, 80, 62, 71, 81, 43, 27, 513, 'P', 73.29),
(501405, 'GEETHU V U', 'MASTER OF COMPUTER APPLICATIONS', '26', 65, 76, 82, 73, 74, 76, 40, 25, 511, 'P', 73),
(501406, 'GREESHMA VINOD', 'MASTER OF COMPUTER APPLICATIONS', '26', 52, 50, 61, 54, 37, 58, 44, 29, 385, 'F', 55),
(501407, 'HARSHA S', 'MASTER OF COMPUTER APPLICATIONS', '26', 74, 64, 54, 65, 50, 56, 38, 27, 428, 'P', 61.14),
(501408, 'JASEEL KARIM', 'MASTER OF COMPUTER APPLICATIONS', '26', 50, 33, 38, 42, 21, 58, 34, 25, 301, 'F', 43),
(501409, 'JIMSIAH IBRAHIMKUTTY', 'MASTER OF COMPUTER APPLICATIONS', '26', 69, 81, 71, 61, 76, 77, 42, 31, 508, 'P', 72.57),
(501410, 'JISHITH KUMAR K A', 'MASTER OF COMPUTER APPLICATIONS', '26', 60, 58, 62, 59, 58, 78, 43, 28, 446, 'P', 63.71),
(501411, 'KARTHIKA K S', 'MASTER OF COMPUTER APPLICATIONS', '26', 34, 67, 67, 60, 50, 68, 38, 25, 409, 'F', 58.43),
(501412, 'KARTHIKA M C', 'MASTER OF COMPUTER APPLICATIONS', '26', 53, 42, 54, 51, 56, 59, 37, 25, 377, 'F', 53.86),
(501413, 'KRIPA BABU P B', 'MASTER OF COMPUTER APPLICATIONS', '26', 62, 80, 69, 61, 72, 71, 45, 25, 485, 'P', 69.29),
(501414, 'LIGESH K P', 'MASTER OF COMPUTER APPLICATIONS', '26', 61, 66, 65, 60, 53, 68, 36, 26, 435, 'P', 62.14),
(501415, 'LIJESH J ANTONY', 'MASTER OF COMPUTER APPLICATIONS', '26', 70, 69, 77, 64, 54, 67, 39, 26, 466, 'P', 66.57),
(501416, 'NAYANA P U', 'MASTER OF COMPUTER APPLICATIONS', '26', 65, 65, 77, 65, 54, 67, 44, 25, 462, 'P', 66),
(501417, 'RESHMA N P', 'MASTER OF COMPUTER APPLICATIONS', '26', 50, 31, 63, 69, 54, 73, 39, 26, 405, 'F', 57.86),
(501418, 'RIMA K OUSEPH', 'MASTER OF COMPUTER APPLICATIONS', '26', 71, 70, 78, 80, 82, 85, 46, 32, 544, 'P', 77.71),
(501419, 'SARITHA E V', 'MASTER OF COMPUTER APPLICATIONS', '26', 88, 80, 81, 74, 82, 96, 46, 34, 581, 'P', 83),
(501420, 'SHANTO VARGHESE', 'MASTER OF COMPUTER APPLICATIONS', '26', 10, 10, 10, 59, 62, 74, 45, 26, 296, 'F', 42.29),
(501421, 'SREENATH SATHYAN', 'MASTER OF COMPUTER APPLICATIONS', '26', 52, 61, 66, 62, 54, 72, 41, 25, 433, 'P', 61.86),
(501422, 'SRUTHY JAYAN', 'MASTER OF COMPUTER APPLICATIONS', '26', 71, 65, 75, 67, 78, 78, 42, 28, 504, 'P', 72),
(501423, 'STEPHIN JOSEPH', 'MASTER OF COMPUTER APPLICATIONS', '26', 34, 51, 60, 54, 37, 66, 39, 25, 366, 'F', 52.29),
(501424, 'SULFATH V K', 'MASTER OF COMPUTER APPLICATIONS', '26', 61, 73, 67, 51, 59, 78, 42, 28, 459, 'P', 65.57),
(501425, 'SWETHA NANDAKUMAR', 'MASTER OF COMPUTER APPLICATIONS', '26', 85, 66, 74, 72, 63, 72, 45, 27, 504, 'P', 72),
(501426, 'SWETHA P S', 'MASTER OF COMPUTER APPLICATIONS', '26', 50, 35, 54, 41, 46, 71, 41, 27, 365, 'F', 52.14),
(501427, 'SYAM PRASAD V P', 'MASTER OF COMPUTER APPLICATIONS', '26', 67, 60, 71, 55, 67, 91, 42, 25, 478, 'P', 68.29),
(501428, 'THUSHARA SURESH', 'MASTER OF COMPUTER APPLICATIONS', '26', 50, 51, 60, 60, 50, 69, 39, 25, 404, 'P', 57.71),
(501429, 'TINU K JOHN', 'MASTER OF COMPUTER APPLICATIONS', '26', 71, 71, 69, 66, 62, 79, 43, 33, 494, 'P', 70.57),
(501430, 'VALSARAJ R', 'MASTER OF COMPUTER APPLICATIONS', '26', 60, 60, 53, 56, 61, 91, 46, 26, 453, 'P', 64.71),
(501451, 'AKHIL MURUKAN', 'MASTER OF COMPUTER APPLICATIONS', '27', 65, 50, 61, 42, 50, 75, 39, 43, 425, 'F', 60.71),
(501452, 'AL-SHIFA S ', 'MASTER OF COMPUTER APPLICATIONS', '27', 10, 10, 10, 10, 10, 10, 10, 43, 113, 'F', 16.14),
(501453, 'ANIL KUMAR K K', 'MASTER OF COMPUTER APPLICATIONS', '27', 63, 56, 61, 50, 50, 79, 43, 44, 446, 'P', 63.71),
(501454, 'ANITHA MARY CHERIAN', 'MASTER OF COMPUTER APPLICATIONS', '27', 67, 53, 59, 50, 50, 64, 43, 44, 430, 'P', 61.43),
(501455, 'APARNA V', 'MASTER OF COMPUTER APPLICATIONS', '27', 75, 64, 76, 50, 64, 69, 45, 45, 488, 'P', 69.71),
(501456, 'ARSHIDA ISMAIL', 'MASTER OF COMPUTER APPLICATIONS', '27', 38, 38, 59, 42, 10, 68, 39, 43, 337, 'F', 48.14),
(501457, 'ASWATHY K U', 'MASTER OF COMPUTER APPLICATIONS', '27', 75, 53, 65, 64, 50, 69, 41, 45, 462, 'P', 66),
(501458, 'ASWATHY P S ', 'MASTER OF COMPUTER APPLICATIONS', '27', 74, 71, 67, 62, 63, 61, 42, 45, 485, 'P', 69.29),
(501459, 'BINNY BAL', 'MASTER OF COMPUTER APPLICATIONS', '27', 56, 53, 53, 50, 43, 10, 10, 43, 318, 'F', 45.43),
(501460, 'CHINJU M ', 'MASTER OF COMPUTER APPLICATIONS', '27', 74, 56, 71, 41, 54, 66, 43, 45, 450, 'F', 64.29),
(501461, 'CHINJU SADASIVAN', 'MASTER OF COMPUTER APPLICATIONS', '27', 57, 62, 78, 57, 55, 70, 42, 47, 468, 'P', 66.86),
(501462, 'ELIZABETH THOMAS', 'MASTER OF COMPUTER APPLICATIONS', '27', 72, 61, 83, 66, 75, 87, 44, 47, 535, 'P', 76.43),
(501463, 'GANGA DEVI', 'MASTER OF COMPUTER APPLICATIONS', '27', 77, 55, 63, 58, 64, 61, 43, 45, 466, 'P', 66.57),
(501464, 'HARITHA V  NAIR', 'MASTER OF COMPUTER APPLICATIONS', '27', 69, 59, 63, 55, 67, 72, 41, 47, 473, 'P', 67.57),
(501465, 'JESEELA T  ALI', 'MASTER OF COMPUTER APPLICATIONS', '27', 50, 53, 53, 70, 58, 82, 39, 45, 450, 'P', 64.29),
(501466, 'JISHNU MOHANAN', 'MASTER OF COMPUTER APPLICATIONS', '27', 62, 53, 41, 50, 34, 61, 46, 45, 392, 'F', 56),
(501467, 'JITHA ELSA THOMAS', 'MASTER OF COMPUTER APPLICATIONS', '27', 50, 56, 59, 50, 51, 69, 41, 45, 421, 'P', 60.14),
(501468, 'LAKSHMI MOHAN', 'MASTER OF COMPUTER APPLICATIONS', '27', 69, 69, 65, 53, 65, 78, 46, 45, 490, 'P', 70),
(501469, 'LEKSHMI MOHAN', 'MASTER OF COMPUTER APPLICATIONS', '27', 69, 76, 67, 68, 71, 68, 46, 45, 510, 'P', 72.86),
(501470, 'MEBIN MOHANAN', 'MASTER OF COMPUTER APPLICATIONS', '27', 77, 67, 69, 50, 59, 80, 46, 47, 495, 'P', 70.71),
(501471, 'NIMISHA ELIZABETH MATHEW', 'MASTER OF COMPUTER APPLICATIONS', '27', 86, 70, 73, 59, 59, 70, 43, 45, 505, 'P', 72.14),
(501472, 'NISHA VISWAN', 'MASTER OF COMPUTER APPLICATIONS', '27', 74, 71, 64, 60, 66, 74, 45, 45, 499, 'P', 71.29),
(501473, 'RAHUL R ', 'MASTER OF COMPUTER APPLICATIONS', '27', 51, 53, 50, 29, 22, 60, 39, 47, 351, 'F', 50.14),
(501474, 'REENA M R ', 'MASTER OF COMPUTER APPLICATIONS', '27', 61, 64, 74, 62, 56, 81, 40, 45, 483, 'P', 69),
(501475, 'REMYA RAJ', 'MASTER OF COMPUTER APPLICATIONS', '27', 50, 45, 55, 42, 51, 79, 42, 43, 407, 'F', 58.14),
(501476, 'RICHU R ', 'MASTER OF COMPUTER APPLICATIONS', '27', 70, 59, 76, 50, 63, 97, 47, 47, 509, 'P', 72.71),
(501477, 'ROJAN VARGHESE', 'MASTER OF COMPUTER APPLICATIONS', '27', 57, 50, 59, 53, 51, 68, 45, 45, 428, 'P', 61.14),
(501478, 'SANGEETHA P ', 'MASTER OF COMPUTER APPLICATIONS', '27', 63, 55, 76, 56, 58, 77, 44, 45, 474, 'P', 67.71),
(501479, 'SANUP SABU', 'MASTER OF COMPUTER APPLICATIONS', '27', 67, 54, 68, 50, 55, 69, 44, 45, 452, 'P', 64.57),
(501480, 'SHAJESH S', 'MASTER OF COMPUTER APPLICATIONS', '27', 83, 64, 62, 53, 63, 86, 44, 45, 500, 'P', 71.43),
(501481, 'SIVADARSANA L ', 'MASTER OF COMPUTER APPLICATIONS', '27', 66, 58, 68, 60, 60, 75, 41, 45, 473, 'P', 67.57),
(501482, 'SREEKANTH K S ', 'MASTER OF COMPUTER APPLICATIONS', '27', 71, 63, 59, 51, 56, 65, 44, 45, 454, 'P', 64.86),
(501483, 'SREEKUTTY M ', 'MASTER OF COMPUTER APPLICATIONS', '27', 61, 56, 65, 57, 55, 71, 42, 43, 450, 'P', 64.29),
(501484, 'SREELAKSHMI R ', 'MASTER OF COMPUTER APPLICATIONS', '27', 85, 66, 71, 51, 62, 73, 42, 45, 495, 'P', 70.71),
(501485, 'SREELAKSHMI T ', 'MASTER OF COMPUTER APPLICATIONS', '27', 59, 59, 64, 56, 62, 72, 43, 45, 460, 'P', 65.71),
(501486, 'SRUTHY S ', 'MASTER OF COMPUTER APPLICATIONS', '27', 61, 60, 76, 58, 61, 67, 43, 43, 469, 'P', 67),
(501487, 'SURYA P R', 'MASTER OF COMPUTER APPLICATIONS', '27', 67, 53, 65, 38, 60, 88, 42, 43, 456, 'F', 65.14),
(501488, 'VINU R ', 'MASTER OF COMPUTER APPLICATIONS', '27', 79, 67, 68, 58, 62, 78, 47, 45, 504, 'P', 72);

-- --------------------------------------------------------

--
-- Table structure for table `subject`
--

CREATE TABLE IF NOT EXISTS `subject` (
  `subid` int(11) NOT NULL AUTO_INCREMENT,
  `subname` varchar(80) NOT NULL,
  PRIMARY KEY (`subid`)
) ENGINE=InnoDB  DEFAULT CHARSET=latin1 AUTO_INCREMENT=9 ;

--
-- Dumping data for table `subject`
--

INSERT INTO `subject` (`subid`, `subname`) VALUES
(1, 'MCA 101: Mathematical Foundations of Computer Science'),
(2, 'MCA 102: Digital Systems and Logic Design\n'),
(3, 'MCA 103: Computer Organization and Architecture'),
(4, 'MCA 104: Principles of Management and Accounting'),
(5, 'MCA 105: Structured Programming in C'),
(6, 'MCA 106: C  Programming Lab'),
(7, 'MCA 107: PC Hardware Lab'),
(8, 'MCA 108: Communication and Soft Skills');

/*!40101 SET CHARACTER_SET_CLIENT=@OLD_CHARACTER_SET_CLIENT */;
/*!40101 SET CHARACTER_SET_RESULTS=@OLD_CHARACTER_SET_RESULTS */;
/*!40101 SET COLLATION_CONNECTION=@OLD_COLLATION_CONNECTION */;
